,investment_sector
ADBE,US Large Cap Growth
AMD,US Large Cap Growth
GOOGL,US Large Cap Growth
AMZN,US Large Cap Growth
AMT,US Large Cap Growth
ANSS,US Large Cap Growth
ADSK,US Large Cap Growth
BKNG,US Large Cap Growth
BSX,US Large Cap Growth
CDNS,US Large Cap Growth
CHTR,US Large Cap Growth
CMG,US Large Cap Growth
CSGP,US Large Cap Growth
CCI,US Large Cap Growth
DXCM,US Large Cap Growth
DOCU,US Large Cap Growth
EW,US Large Cap Growth
EQIX,US Large Cap Growth
FB,US Large Cap Growth
FAST,US Large Cap Growth
IDXX,US Large Cap Growth
ILMN,US Large Cap Growth
INTU,US Large Cap Growth
ISRG,US Large Cap Growth
LULU,US Large Cap Growth
MA,US Large Cap Growth
MELI,US Large Cap Growth
MSFT,US Large Cap Growth
MRNA,US Large Cap Growth
MNST,US Large Cap Growth
MCO,US Large Cap Growth
MSCI,US Large Cap Growth
NFLX,US Large Cap Growth
NKE,US Large Cap Growth
NVDA,US Large Cap Growth
OKTA,US Large Cap Growth
PYPL,US Large Cap Growth
REGN,US Large Cap Growth
RMD,US Large Cap Growth
RNG,US Large Cap Growth
ROP,US Large Cap Growth
CRM,US Large Cap Growth
SBAC,US Large Cap Growth
SGEN,US Large Cap Growth
NOW,US Large Cap Growth
SNAP,US Large Cap Growth
SPLK,US Large Cap Growth
SQ,US Large Cap Growth
SNPS,US Large Cap Growth
TSLA,US Large Cap Growth
TWLO,US Large Cap Growth
VEEV,US Large Cap Growth
VRSN,US Large Cap Growth
VRTX,US Large Cap Growth
V,US Large Cap Growth
WDAY,US Large Cap Growth
ZTS,US Large Cap Growth
ZM,US Large Cap Growth
MMM,US Large Cap Value
ABBV,US Large Cap Value
AFL,US Large Cap Value
ALL,US Large Cap Value
MO,US Large Cap Value
AEP,US Large Cap Value
AIG,US Large Cap Value
AMGN,US Large Cap Value
T,US Large Cap Value
BAC,US Large Cap Value
BK,US Large Cap Value
BIIB,US Large Cap Value
BLK,US Large Cap Value
BA,US Large Cap Value
BMY,US Large Cap Value
COF,US Large Cap Value
CSCO,US Large Cap Value
C,US Large Cap Value
CME,US Large Cap Value
KO,US Large Cap Value
CL,US Large Cap Value
CMCSA,US Large Cap Value
ED,US Large Cap Value
STZ,US Large Cap Value
CSX,US Large Cap Value
CMI,US Large Cap Value
CVS,US Large Cap Value
DE,US Large Cap Value
DELL,US Large Cap Value
D,US Large Cap Value
DUK,US Large Cap Value
DD,US Large Cap Value
EMR,US Large Cap Value
EPD,US Large Cap Value
ES,US Large Cap Value
EXC,US Large Cap Value
XOM,US Large Cap Value
FDX,US Large Cap Value
F,US Large Cap Value
GD,US Large Cap Value
GIS,US Large Cap Value
GILD,US Large Cap Value
GS,US Large Cap Value
HCA,US Large Cap Value
HON,US Large Cap Value
HRL,US Large Cap Value
HPQ,US Large Cap Value
INTC,US Large Cap Value
IBM,US Large Cap Value
JNJ,US Large Cap Value
JPM,US Large Cap Value
KMB,US Large Cap Value
KMI,US Large Cap Value
LVS,US Large Cap Value
MPC,US Large Cap Value
MAR,US Large Cap Value
MCK,US Large Cap Value
MRK,US Large Cap Value
MET,US Large Cap Value
MU,US Large Cap Value
MDLZ,US Large Cap Value
MS,US Large Cap Value
NSC,US Large Cap Value
ORCL,US Large Cap Value
PEP,US Large Cap Value
PFE,US Large Cap Value
PM,US Large Cap Value
PSX,US Large Cap Value
PNC,US Large Cap Value
PPG,US Large Cap Value
PG,US Large Cap Value
PGR,US Large Cap Value
PRU,US Large Cap Value
PEG,US Large Cap Value
PSA,US Large Cap Value
RSG,US Large Cap Value
ROK,US Large Cap Value
SRE,US Large Cap Value
SO,US Large Cap Value
SYY,US Large Cap Value
TROW,US Large Cap Value
KHC,US Large Cap Value
KR,US Large Cap Value
TRV,US Large Cap Value
TFC,US Large Cap Value
USB,US Large Cap Value
UNP,US Large Cap Value
VLO,US Large Cap Value
VZ,US Large Cap Value
WBA,US Large Cap Value
WMT,US Large Cap Value
WM,US Large Cap Value
WEC,US Large Cap Value
WFC,US Large Cap Value
XEL,US Large Cap Value
ZBH,US Large Cap Value
ABT,US Large Cap Core
ATVI,US Large Cap Core
A,US Large Cap Core
APD,US Large Cap Core
ALXN,US Large Cap Core
AXP,US Large Cap Core
APH,US Large Cap Core
ADI,US Large Cap Core
ANTM,US Large Cap Core
AAPL,US Large Cap Core
AMAT,US Large Cap Core
ADP,US Large Cap Core
AZO,US Large Cap Core
BAX,US Large Cap Core
BDX,US Large Cap Core
BRK.A,US Large Cap Core
BX,US Large Cap Core
AVGO,US Large Cap Core
BF.B,US Large Cap Core
CAT,US Large Cap Core
CNC,US Large Cap Core
SCHW,US Large Cap Core
CVX,US Large Cap Core
CI,US Large Cap Core
CTAS,US Large Cap Core
CLX,US Large Cap Core
CTSH,US Large Cap Core
COP,US Large Cap Core
COST,US Large Cap Core
DHR,US Large Cap Core
DLR,US Large Cap Core
DG,US Large Cap Core
EBAY,US Large Cap Core
ECL,US Large Cap Core
EA,US Large Cap Core
LLY,US Large Cap Core
EOG,US Large Cap Core
FIS,US Large Cap Core
FISV,US Large Cap Core
GE,US Large Cap Core
GM,US Large Cap Core
GPN,US Large Cap Core
HUM,US Large Cap Core
ITW,US Large Cap Core
ICE,US Large Cap Core
IQV,US Large Cap Core
KDP,US Large Cap Core
KKR,US Large Cap Core
KLAC,US Large Cap Core
LHX,US Large Cap Core
LRCX,US Large Cap Core
LMT,US Large Cap Core
LOW,US Large Cap Core
MMC,US Large Cap Core
MTCH,US Large Cap Core
MKC,US Large Cap Core
MCD,US Large Cap Core
MCHP,US Large Cap Core
MSI,US Large Cap Core
NEM,US Large Cap Core
NEE,US Large Cap Core
NOC,US Large Cap Core
ORLY,US Large Cap Core
OTIS,US Large Cap Core
PCAR,US Large Cap Core
PAYX,US Large Cap Core
PLD,US Large Cap Core
QCOM,US Large Cap Core
RTX,US Large Cap Core
ROST,US Large Cap Core
SPGI,US Large Cap Core
SHW,US Large Cap Core
SIRI,US Large Cap Core
SCCO,US Large Cap Core
SBUX,US Large Cap Core
SYK,US Large Cap Core
TGT,US Large Cap Core
TXN,US Large Cap Core
EL,US Large Cap Core
HSY,US Large Cap Core
HD,US Large Cap Core
DIS,US Large Cap Core
TMO,US Large Cap Core
TJX,US Large Cap Core
TMUS,US Large Cap Core
TDG,US Large Cap Core
UPS,US Large Cap Core
UNH,US Large Cap Core
VRSK,US Large Cap Core
VMW,US Large Cap Core
XLNX,US Large Cap Core
YUM,US Large Cap Core
YUMC,US Large Cap Core
ADT,US Mid Cap Value
ACM,US Mid Cap Value
AGCO,US Mid Cap Value
AGNC,US Mid Cap Value
ALK,US Mid Cap Value
LNT,US Mid Cap Value
AEE,US Mid Cap Value
AAL,US Mid Cap Value
AFG,US Mid Cap Value
ABC,US Mid Cap Value
NLY,US Mid Cap Value
APA,US Mid Cap Value
ARMK,US Mid Cap Value
ADM,US Mid Cap Value
ARCC,US Mid Cap Value
ARW,US Mid Cap Value
AIZ,US Mid Cap Value
ATO,US Mid Cap Value
AVB,US Mid Cap Value
AGR,US Mid Cap Value
BKR,US Mid Cap Value
BBY,US Mid Cap Value
BOKF,US Mid Cap Value
BWA,US Mid Cap Value
BXP,US Mid Cap Value
CPT,US Mid Cap Value
CPB,US Mid Cap Value
CAH,US Mid Cap Value
CARR,US Mid Cap Value
CDK,US Mid Cap Value
CE,US Mid Cap Value
CNP,US Mid Cap Value
CTL,US Mid Cap Value
CF,US Mid Cap Value
CWEN.A,US Mid Cap Value
CMS,US Mid Cap Value
CNA,US Mid Cap Value
CLR,US Mid Cap Value
GLW,US Mid Cap Value
CUZ,US Mid Cap Value
CREE,US Mid Cap Value
CCK,US Mid Cap Value
DVA,US Mid Cap Value
DAL,US Mid Cap Value
XRAY,US Mid Cap Value
DVN,US Mid Cap Value
DISCA,US Mid Cap Value
DISH,US Mid Cap Value
DTE,US Mid Cap Value
DXC,US Mid Cap Value
EWBC,US Mid Cap Value
EMN,US Mid Cap Value
EV,US Mid Cap Value
EIX,US Mid Cap Value
ET,US Mid Cap Value
ETR,US Mid Cap Value
EQH,US Mid Cap Value
ESS,US Mid Cap Value
EVRG,US Mid Cap Value
FNF,US Mid Cap Value
FITB,US Mid Cap Value
FAF,US Mid Cap Value
FSLR,US Mid Cap Value
FE,US Mid Cap Value
FLO,US Mid Cap Value
FBHS,US Mid Cap Value
BEN,US Mid Cap Value
GLPI,US Mid Cap Value
GPS,US Mid Cap Value
GPC,US Mid Cap Value
GL,US Mid Cap Value
HAL,US Mid Cap Value
HR,US Mid Cap Value
HTA,US Mid Cap Value
PEAK,US Mid Cap Value
HESM,US Mid Cap Value
HPE,US Mid Cap Value
HFC,US Mid Cap Value
HST,US Mid Cap Value
HWM,US Mid Cap Value
HBAN,US Mid Cap Value
HUN,US Mid Cap Value
IEP,US Mid Cap Value
IDA,US Mid Cap Value
INGR,US Mid Cap Value
IP,US Mid Cap Value
IRM,US Mid Cap Value
J,US Mid Cap Value
JEF,US Mid Cap Value
SJM,US Mid Cap Value
JLL,US Mid Cap Value
JNPR,US Mid Cap Value
K,US Mid Cap Value
KIM,US Mid Cap Value
LB,US Mid Cap Value
LH,US Mid Cap Value
LEA,US Mid Cap Value
LM,US Mid Cap Value
LNC,US Mid Cap Value
L,US Mid Cap Value
MTB,US Mid Cap Value
MMP,US Mid Cap Value
MAN,US Mid Cap Value
MRO,US Mid Cap Value
MDU,US Mid Cap Value
MPW,US Mid Cap Value
MHK,US Mid Cap Value
TAP,US Mid Cap Value
MPLX,US Mid Cap Value
NOV,US Mid Cap Value
NNN,US Mid Cap Value
NTAP,US Mid Cap Value
NYCB,US Mid Cap Value
NWL,US Mid Cap Value
NWSA,US Mid Cap Value
NI,US Mid Cap Value
NBL,US Mid Cap Value
NTRS,US Mid Cap Value
NLOK,US Mid Cap Value
NRG,US Mid Cap Value
OXY,US Mid Cap Value
OGE,US Mid Cap Value
ORI,US Mid Cap Value
OHI,US Mid Cap Value
OMC,US Mid Cap Value
ON,US Mid Cap Value
OGS,US Mid Cap Value
OKE,US Mid Cap Value
OSK,US Mid Cap Value
OC,US Mid Cap Value
PKG,US Mid Cap Value
PBCT,US Mid Cap Value
PCG,US Mid Cap Value
PPC,US Mid Cap Value
PNW,US Mid Cap Value
PAA,US Mid Cap Value
POST,US Mid Cap Value
PPL,US Mid Cap Value
PFG,US Mid Cap Value
PB,US Mid Cap Value
PHM,US Mid Cap Value
PWR,US Mid Cap Value
QRTEA,US Mid Cap Value
RL,US Mid Cap Value
RJF,US Mid Cap Value
RF,US Mid Cap Value
RGA,US Mid Cap Value
RS,US Mid Cap Value
RHI,US Mid Cap Value
SNDR,US Mid Cap Value
SAIC,US Mid Cap Value
SEE,US Mid Cap Value
SHLX,US Mid Cap Value
SPG,US Mid Cap Value
SNA,US Mid Cap Value
SON,US Mid Cap Value
LUV,US Mid Cap Value
STAG,US Mid Cap Value
SWK,US Mid Cap Value
STWD,US Mid Cap Value
STT,US Mid Cap Value
STLD,US Mid Cap Value
TRGP,US Mid Cap Value
TCF,US Mid Cap Value
TECD,US Mid Cap Value
TERP,US Mid Cap Value
TXT,US Mid Cap Value
TFSL,US Mid Cap Value
AES,US Mid Cap Value
HIG,US Mid Cap Value
IPG,US Mid Cap Value
MOS,US Mid Cap Value
WU,US Mid Cap Value
THO,US Mid Cap Value
TSN,US Mid Cap Value
UGI,US Mid Cap Value
URI,US Mid Cap Value
UTHR,US Mid Cap Value
VTR,US Mid Cap Value
VIAC,US Mid Cap Value
VIRT,US Mid Cap Value
VST,US Mid Cap Value
WPC,US Mid Cap Value
WELL,US Mid Cap Value
WDC,US Mid Cap Value
WES,US Mid Cap Value
WAB,US Mid Cap Value
WLK,US Mid Cap Value
WRK,US Mid Cap Value
WHR,US Mid Cap Value
WMB,US Mid Cap Value
WH,US Mid Cap Value
ZION,US Mid Cap Value
ABMD,US Mid Cap Growth
ACAD,US Mid Cap Growth
XLRN,US Mid Cap Growth
AKAM,US Mid Cap Growth
ALGN,US Mid Cap Growth
Y,US Mid Cap Growth
ALNY,US Mid Cap Growth
AYX,US Mid Cap Growth
AMED,US Mid Cap Growth
AME,US Mid Cap Growth
ANGI,US Mid Cap Growth
APPF,US Mid Cap Growth
ANET,US Mid Cap Growth
ARWR,US Mid Cap Growth
AZPN,US Mid Cap Growth
AVTR,US Mid Cap Growth
AAXN,US Mid Cap Growth
BYND,US Mid Cap Growth
BMRN,US Mid Cap Growth
BIO,US Mid Cap Growth
TECH,US Mid Cap Growth
BKI,US Mid Cap Growth
BL,US Mid Cap Growth
BPMC,US Mid Cap Growth
BAH,US Mid Cap Growth
SAM,US Mid Cap Growth
BFAM,US Mid Cap Growth
BRO,US Mid Cap Growth
BURL,US Mid Cap Growth
CABO,US Mid Cap Growth
COG,US Mid Cap Growth
KMX,US Mid Cap Growth
CVNA,US Mid Cap Growth
CASY,US Mid Cap Growth
CTLT,US Mid Cap Growth
CRL,US Mid Cap Growth
CHGG,US Mid Cap Growth
CHE,US Mid Cap Growth
CHH,US Mid Cap Growth
CHDN,US Mid Cap Growth
CIEN,US Mid Cap Growth
CGNX,US Mid Cap Growth
CPRT,US Mid Cap Growth
COR,US Mid Cap Growth
COUP,US Mid Cap Growth
CACC,US Mid Cap Growth
CONE,US Mid Cap Growth
DECK,US Mid Cap Growth
DLB,US Mid Cap Growth
DPZ,US Mid Cap Growth
DBX,US Mid Cap Growth
DT,US Mid Cap Growth
ELAN,US Mid Cap Growth
EBS,US Mid Cap Growth
ENPH,US Mid Cap Growth
ENTG,US Mid Cap Growth
EPAM,US Mid Cap Growth
ERIE,US Mid Cap Growth
ETSY,US Mid Cap Growth
EEFT,US Mid Cap Growth
EVBG,US Mid Cap Growth
EXAS,US Mid Cap Growth
EXEL,US Mid Cap Growth
EXPD,US Mid Cap Growth
EXPO,US Mid Cap Growth
FDS,US Mid Cap Growth
FICO,US Mid Cap Growth
FR,US Mid Cap Growth
FIVE,US Mid Cap Growth
FIVN,US Mid Cap Growth
FLT,US Mid Cap Growth
FND,US Mid Cap Growth
FTNT,US Mid Cap Growth
FRHC,US Mid Cap Growth
FCN,US Mid Cap Growth
IT,US Mid Cap Growth
GLIBA,US Mid Cap Growth
GNRC,US Mid Cap Growth
GMED,US Mid Cap Growth
GDDY,US Mid Cap Growth
GGG,US Mid Cap Growth
GRUB,US Mid Cap Growth
GH,US Mid Cap Growth
GWRE,US Mid Cap Growth
HEI.A,US Mid Cap Growth
HUBS,US Mid Cap Growth
IAA,US Mid Cap Growth
IEX,US Mid Cap Growth
IMMU,US Mid Cap Growth
INCY,US Mid Cap Growth
IR,US Mid Cap Growth
IPHI,US Mid Cap Growth
PODD,US Mid Cap Growth
IBKR,US Mid Cap Growth
IONS,US Mid Cap Growth
IOVA,US Mid Cap Growth
IPGP,US Mid Cap Growth
JKHY,US Mid Cap Growth
JBHT,US Mid Cap Growth
KSU,US Mid Cap Growth
KEYS,US Mid Cap Growth
LW,US Mid Cap Growth
LANC,US Mid Cap Growth
LHCG,US Mid Cap Growth
LFUS,US Mid Cap Growth
LITE,US Mid Cap Growth
MKL,US Mid Cap Growth
MKTX,US Mid Cap Growth
MASI,US Mid Cap Growth
MRCY,US Mid Cap Growth
MTD,US Mid Cap Growth
MGP,US Mid Cap Growth
MRTX,US Mid Cap Growth
MKSI,US Mid Cap Growth
MDB,US Mid Cap Growth
MPWR,US Mid Cap Growth
MORN,US Mid Cap Growth
MyoKardia Inc,US Mid Cap Growth
Neogen Corp,US Mid Cap Growth
Neurocrine Biosciences Inc,US Mid Cap Growth
Nevro Corp,US Mid Cap Growth
New Relic Inc,US Mid Cap Growth
New York Times Co Class A,US Mid Cap Growth
Nordson Corp,US Mid Cap Growth
Old Dominion Freight Lines Inc,US Mid Cap Growth
Ollie's Bargain Outlet Holdings Inc,US Mid Cap Growth
Palo Alto Networks Inc,US Mid Cap Growth
Parsley Energy Inc A,US Mid Cap Growth
Paycom Software Inc,US Mid Cap Growth
Paylocity Holding Corp,US Mid Cap Growth
Pegasystems Inc,US Mid Cap Growth
Penumbra Inc,US Mid Cap Growth
Planet Fitness Inc A,US Mid Cap Growth
Polaris Inc,US Mid Cap Growth
Pool Corp,US Mid Cap Growth
Proofpoint Inc,US Mid Cap Growth
PTC Inc,US Mid Cap Growth
Pure Storage Inc A,US Mid Cap Growth
Q2 Holdings Inc,US Mid Cap Growth
Qualys Inc,US Mid Cap Growth
Quidel Corp,US Mid Cap Growth
RealPage Inc,US Mid Cap Growth
Redfin Corp,US Mid Cap Growth
Repligen Corp,US Mid Cap Growth
RH,US Mid Cap Growth
Roku Inc Class A,US Mid Cap Growth
Rollins Inc,US Mid Cap Growth
Sarepta Therapeutics Inc,US Mid Cap Growth
SEI Investments Co,US Mid Cap Growth
SelectQuote Inc Ordinary Shares,US Mid Cap Growth
Silicon Laboratories Inc,US Mid Cap Growth
SiteOne Landscape Supply Inc,US Mid Cap Growth
Skechers USA Inc,US Mid Cap Growth
Smartsheet Inc Class A,US Mid Cap Growth
SolarEdge Technologies Inc,US Mid Cap Growth
Sun Communities Inc,US Mid Cap Growth
Switch Inc Class A,US Mid Cap Growth
Take-Two Interactive Software Inc,US Mid Cap Growth
Teladoc Health Inc,US Mid Cap Growth
Teledyne Technologies Inc,US Mid Cap Growth
Teleflex Inc,US Mid Cap Growth
Teradyne Inc,US Mid Cap Growth
Tetra Tech Inc,US Mid Cap Growth
Texas Pacific Land Trust,US Mid Cap Growth
The Cooper Companies Inc,US Mid Cap Growth
The Scotts Miracle Gro Co A,US Mid Cap Growth
The Toro Co,US Mid Cap Growth
The Trade Desk Inc A,US Mid Cap Growth
Tractor Supply Co,US Mid Cap Growth
Tradeweb Markets Inc,US Mid Cap Growth
TransUnion,US Mid Cap Growth
Trex Co Inc,US Mid Cap Growth
Trinet Group Inc,US Mid Cap Growth
Twitter Inc,US Mid Cap Growth
Tyler Technologies Inc,US Mid Cap Growth
Ubiquiti Inc,US Mid Cap Growth
Ulta Beauty Inc,US Mid Cap Growth
Ultragenyx Pharmaceutical Inc,US Mid Cap Growth
Universal Display Corp,US Mid Cap Growth
Varian Medical Systems Inc,US Mid Cap Growth
Vulcan Materials Co,US Mid Cap Growth
Warner Music Group Corp Ordinary Shares - Class A,US Mid Cap Growth
Wayfair Inc Class A,US Mid Cap Growth
West Pharmaceutical Services Inc,US Mid Cap Growth
WEX Inc,US Mid Cap Growth
Wingstop Inc,US Mid Cap Growth
XPO Logistics Inc,US Mid Cap Growth
Xylem Inc,US Mid Cap Growth
Zebra Technologies Corp,US Mid Cap Growth
Zendesk Inc,US Mid Cap Growth
Zillow Group Inc A,US Mid Cap Growth
ZoomInfo Technologies Inc Ordinary Shares - Class A,US Mid Cap Growth
Zscaler Inc,US Mid Cap Growth
Zynga Inc Class A,US Mid Cap Growth
AOS,US Mid Cap Core
AAP,US Mid Cap Core
ALB,US Mid Cap Core
ARE,US Mid Cap Core
ALSN,US Mid Cap Core
ALLY,US Mid Cap Core
ATUS,US Mid Cap Core
UHAL,US Mid Cap Core
ACC,US Mid Cap Core
AMH,US Mid Cap Core
AWK,US Mid Cap Core
COLD,US Mid Cap Core
AMP,US Mid Cap Core
PLAN,US Mid Cap Core
AIV,US Mid Cap Core
APO,US Mid Cap Core
ATR,US Mid Cap Core
ARES,US Mid Cap Core
AJG,US Mid Cap Core
ASH,US Mid Cap Core
AVY,US Mid Cap Core
BLL,US Mid Cap Core
BERY,US Mid Cap Core
BJ,US Mid Cap Core
BR,US Mid Cap Core
BRKR,US Mid Cap Core
BC,US Mid Cap Core
BWXT,US Mid Cap Core
CHRW,US Mid Cap Core
CCMP,US Mid Cap Core
CACI,US Mid Cap Core
CZR,US Mid Cap Core
CSL,US Mid Cap Core
CBOE,US Mid Cap Core
CBRE,US Mid Cap Core
CDW,US Mid Cap Core
CERN,US Mid Cap Core
LNG,US Mid Cap Core
CQP,US Mid Cap Core
CHD,US Mid Cap Core
CINF,US Mid Cap Core
CFG,US Mid Cap Core
CTXS,US Mid Cap Core
COLM,US Mid Cap Core
CMA,US Mid Cap Core
CBSH,US Mid Cap Core
CAG,US Mid Cap Core
CXO,US Mid Cap Core
CLGX,US Mid Cap Core
CUBE,US Mid Cap Core
CFR,US Mid Cap Core
DHI,US Mid Cap Core
DRI,US Mid Cap Core
DAR,US Mid Cap Core
FANG,US Mid Cap Core
DFS,US Mid Cap Core
DLTR,US Mid Cap Core
DCI,US Mid Cap Core
DEI,US Mid Cap Core
DOV,US Mid Cap Core
DRE,US Mid Cap Core
DNKN,US Mid Cap Core
ETFC,US Mid Cap Core
EGP,US Mid Cap Core
EHC,US Mid Cap Core
EFX,US Mid Cap Core
ELS,US Mid Cap Core
EQR,US Mid Cap Core
WTRG,US Mid Cap Core
EXPE,US Mid Cap Core
EXR,US Mid Cap Core
FFIV,US Mid Cap Core
FRT,US Mid Cap Core
FCNCA,US Mid Cap Core
FFIN,US Mid Cap Core
FRC,US Mid Cap Core
FLIR,US Mid Cap Core
FMC,US Mid Cap Core
FTV,US Mid Cap Core
FCX,US Mid Cap Core
GNTX,US Mid Cap Core
LOPE,US Mid Cap Core
HAE,US Mid Cap Core
HAS,US Mid Cap Core
HDS,US Mid Cap Core
HQY,US Mid Cap Core
HSIC,US Mid Cap Core
HES,US Mid Cap Core
HRC,US Mid Cap Core
HLT,US Mid Cap Core
HOLX,US Mid Cap Core
HUBB,US Mid Cap Core
HII,US Mid Cap Core
H,US Mid Cap Core
IIVI,US Mid Cap Core
INO,US Mid Cap Core
IART,US Mid Cap Core
IFF,US Mid Cap Core
INVH,US Mid Cap Core
ITT,US Mid Cap Core
JBL,US Mid Cap Core
JBGS,US Mid Cap Core
KMPR,US Mid Cap Core
KEY,US Mid Cap Core
KRC,US Mid Cap Core
KNX,US Mid Cap Core
KLIC,US Mid Cap Core
LAMR,US Mid Cap Core
LSTR,US Mid Cap Core
LEG,US Mid Cap Core
LDOS,US Mid Cap Core
LEN,US Mid Cap Core
LII,US Mid Cap Core
LBRDA,US Mid Cap Core
FWONA,US Mid Cap Core
LSXMA,US Mid Cap Core
LSI,US Mid Cap Core
LECO,US Mid Cap Core
LYV,US Mid Cap Core
LKQ,US Mid Cap Core
LOGM,US Mid Cap Core
LPLA,US Mid Cap Core
MANH,US Mid Cap Core
MLM,US Mid Cap Core
MAS,US Mid Cap Core
MXIM,US Mid Cap Core
MMS,US Mid Cap Core
MGM,US Mid Cap Core
MAA,US Mid Cap Core
MOH,US Mid Cap Core
MSA,US Mid Cap Core
MSM,US Mid Cap Core
NDAQ,US Mid Cap Core
NATI,US Mid Cap Core
NKTR,US Mid Cap Core
NEU,US Mid Cap Core
NVAX,US Mid Cap Core
NUAN,US Mid Cap Core
NUE,US Mid Cap Core
NTNX,US Mid Cap Core
NVR,US Mid Cap Core
ORCC,US Mid Cap Core
PH,US Mid Cap Core
PENN,US Mid Cap Core
PKI,US Mid Cap Core
PXD,US Mid Cap Core
PRAH,US Mid Cap Core
PRI,US Mid Cap Core
QRVO,US Mid Cap Core
DGX,US Mid Cap Core
O,US Mid Cap Core
RETA,US Mid Cap Core
REG,US Mid Cap Core
REXR,US Mid Cap Core
RGLD,US Mid Cap Core
RPM,US Mid Cap Core
SC,US Mid Cap Core
SCI,US Mid Cap Core
SERV,US Mid Cap Core
SBNY,US Mid Cap Core
SWKS,US Mid Cap Core
SWI,US Mid Cap Core
SSNC,US Mid Cap Core
SRCL,US Mid Cap Core
STOR,US Mid Cap Core
SNDE,US Mid Cap Core
SIVB,US Mid Cap Core
SYF,US Mid Cap Core
SYNH,US Mid Cap Core
SNX,US Mid Cap Core
TNDM,US Mid Cap Core
AMTD,US Mid Cap Core
CG,US Mid Cap Core
MIDD,US Mid Cap Core
WEN,US Mid Cap Core
TIF,US Mid Cap Core
TOL,US Mid Cap Core
TRMB,US Mid Cap Core
UDR,US Mid Cap Core
UAA,US Mid Cap Core
UAL,US Mid Cap Core
UHS,US Mid Cap Core
USFD,US Mid Cap Core
MTN,US Mid Cap Core
VER,US Mid Cap Core
VFC,US Mid Cap Core
VICI,US Mid Cap Core
VNO,US Mid Cap Core
VOYA,US Mid Cap Core
GWW,US Mid Cap Core
WAT,US Mid Cap Core
WSO,US Mid Cap Core
WY,US Mid Cap Core
WSM,US Mid Cap Core
WWD,US Mid Cap Core
WRB,US Mid Cap Core
WYNN,US Mid Cap Core
FLWS,US Small Cap Growth
XXII,US Small Cap Growth
TWOU,US Small Cap Growth
DDD,US Small Cap Growth
EGHT,US Small Cap Growth
AAON,US Small Cap Growth
ACIA,US Small Cap Growth
AXDX,US Small Cap Growth
ACIW,US Small Cap Growth
ACMR,US Small Cap Growth
ADMS,US Small Cap Growth
ADUS,US Small Cap Growth
ADSW,US Small Cap Growth
WMS,US Small Cap Growth
AVAV,US Small Cap Growth
AGEN,US Small Cap Growth
AGYS,US Small Cap Growth
AGIO,US Small Cap Growth
AIRG,US Small Cap Growth
AKCA,US Small Cap Growth
AKBA,US Small Cap Growth
AKTS,US Small Cap Growth
ALG,US Small Cap Growth
ALRM,US Small Cap Growth
AIN,US Small Cap Growth
ALDX,US Small Cap Growth
WTER,US Small Cap Growth
AMOT,US Small Cap Growth
APT,US Small Cap Growth
ALTR,US Small Cap Growth
AMTB,US Small Cap Growth
AMRC,US Small Cap Growth
FOLD,US Small Cap Growth
AMN,US Small Cap Growth
AMPH,US Small Cap Growth
ANIK,US Small Cap Growth
ATRS,US Small Cap Growth
APLS,US Small Cap Growth
APPN,US Small Cap Growth
APYX,US Small Cap Growth
AQB,US Small Cap Growth
FUV,US Small Cap Growth
ARNA,US Small Cap Growth
ASPU,US Small Cap Growth
ASMB,US Small Cap Growth
ASTE,US Small Cap Growth
ASUR,US Small Cap Growth
ATNX,US Small Cap Growth
ATRC,US Small Cap Growth
ATRI,US Small Cap Growth
AUBN,US Small Cap Growth
AEYE,US Small Cap Growth
AVCO,US Small Cap Growth
ATXI,US Small Cap Growth
AVEO,US Small Cap Growth
CDMO,US Small Cap Growth
ACLS,US Small Cap Growth
AXGN,US Small Cap Growth
AXNX,US Small Cap Growth
AXSM,US Small Cap Growth
AXTI,US Small Cap Growth
BMI,US Small Cap Growth
BCPC,US Small Cap Growth
BAND,US Small Cap Growth
BFC,US Small Cap Growth
BLCM,US Small Cap Growth
BNFT,US Small Cap Growth
BCRX,US Small Cap Growth
BDSI,US Small Cap Growth
BLFS,US Small Cap Growth
BSTC,US Small Cap Growth
BEAT,US Small Cap Growth
BE,US Small Cap Growth
BLUE,US Small Cap Growth
WIFI,US Small Cap Growth
BOOT,US Small Cap Growth
BOMN,US Small Cap Growth
EPAY,US Small Cap Growth
BOX,US Small Cap Growth
BYD,US Small Cap Growth
BRID,US Small Cap Growth
BCOV,US Small Cap Growth
BV,US Small Cap Growth
BRKS,US Small Cap Growth
BRP,US Small Cap Growth
BLDR,US Small Cap Growth
CAMP,US Small Cap Growth
CVGW,US Small Cap Growth
CWT,US Small Cap Growth
CALA,US Small Cap Growth
ELY,US Small Cap Growth
CLXT,US Small Cap Growth
CWH,US Small Cap Growth
CMD,US Small Cap Growth
CAPR,US Small Cap Growth
CARA,US Small Cap Growth
CSII,US Small Cap Growth
CDLX,US Small Cap Growth
CDNA,US Small Cap Growth
CARG,US Small Cap Growth
CASI,US Small Cap Growth
CPRX,US Small Cap Growth
CVCO,US Small Cap Growth
YCBD,US Small Cap Growth
CBZ,US Small Cap Growth
CBMB,US Small Cap Growth
CBTX,US Small Cap Growth
CELC,US Small Cap Growth
CELH,US Small Cap Growth
CERC,US Small Cap Growth
CRNC,US Small Cap Growth
CERS,US Small Cap Growth
CEVA,US Small Cap Growth
CSBR,US Small Cap Growth
GTLS,US Small Cap Growth
CKPT,US Small Cap Growth
CEMI,US Small Cap Growth
CCXI,US Small Cap Growth
CSSE,US Small Cap Growth
CMRX,US Small Cap Growth
CDXC,US Small Cap Growth
CHCO,US Small Cap Growth
CLAR,US Small Cap Growth
CLH,US Small Cap Growth
CLSK,US Small Cap Growth
CLFD,US Small Cap Growth
CLPT,US Small Cap Growth
CLSD,US Small Cap Growth
CLDR,US Small Cap Growth
CLVS,US Small Cap Growth
CODA,US Small Cap Growth
CCNC,US Small Cap Growth
CDXS,US Small Cap Growth
CODX,US Small Cap Growth
CCOI,US Small Cap Growth
COHU,US Small Cap Growth
CLCT,US Small Cap Growth
CMCO,US Small Cap Growth
FIX,US Small Cap Growth
CHCT,US Small Cap Growth
CRBP,US Small Cap Growth
CORT,US Small Cap Growth
CSOD,US Small Cap Growth
CRVL,US Small Cap Growth
ICBK,US Small Cap Growth
CVET,US Small Cap Growth
CYRX,US Small Cap Growth
CSWI,US Small Cap Growth
CTS,US Small Cap Growth
CUTR,US Small Cap Growth
CYBE,US Small Cap Growth
CBAY,US Small Cap Growth
CTMX,US Small Cap Growth
DJCO,US Small Cap Growth
DZSI,US Small Cap Growth
DTSS,US Small Cap Growth
DCPH,US Small Cap Growth
DNLI,US Small Cap Growth
DENN,US Small Cap Growth
DHX,US Small Cap Growth
DRNA,US Small Cap Growth
DGII,US Small Cap Growth
DMRC,US Small Cap Growth
APPS,US Small Cap Growth
DIN,US Small Cap Growth
DIOD,US Small Cap Growth
BOOM,US Small Cap Growth
PLOW,US Small Cap Growth
DSPG,US Small Cap Growth
DXPE,US Small Cap Growth
DYAI,US Small Cap Growth
DVAX,US Small Cap Growth
EGRX,US Small Cap Growth
DEA,US Small Cap Growth
EGAN,US Small Cap Growth
EHTH,US Small Cap Growth
EIGR,US Small Cap Growth
ELMD,US Small Cap Growth
ELSE,US Small Cap Growth
ELOX,US Small Cap Growth
ENTA,US Small Cap Growth
ERII,US Small Cap Growth
EPAC,US Small Cap Growth
ENOB,US Small Cap Growth
NPO,US Small Cap Growth
ENSG,US Small Cap Growth
ELA,US Small Cap Growth
ENV,US Small Cap Growth
EVSI,US Small Cap Growth
EPZM,US Small Cap Growth
ESE,US Small Cap Growth
ESQ,US Small Cap Growth
EVR,US Small Cap Growth
MRAM,US Small Cap Growth
EVI,US Small Cap Growth
EVOP,US Small Cap Growth
EOLS,US Small Cap Growth
AQUA,US Small Cap Growth
XELA,US Small Cap Growth
EXLS,US Small Cap Growth
EXPI,US Small Cap Growth
EYEG,US Small Cap Growth
FARO,US Small Cap Growth
FAT,US Small Cap Growth
FATE,US Small Cap Growth
FSS,US Small Cap Growth
FGEN,US Small Cap Growth
FEYE,US Small Cap Growth
FCAP,US Small Cap Growth
FSCT,US Small Cap Growth
FOR,US Small Cap Growth
FORM,US Small Cap Growth
FORR,US Small Cap Growth
FRTA,US Small Cap Growth
FBIO,US Small Cap Growth
FTAI,US Small Cap Growth
FWRD,US Small Cap Growth
FOXF,US Small Cap Growth
FC,US Small Cap Growth
FELE,US Small Cap Growth
FRPT,US Small Cap Growth
FTDR,US Small Cap Growth
FLGT,US Small Cap Growth
GTHX,US Small Cap Growth
GAIA,US Small Cap Growth
GNSS,US Small Cap Growth
GNUS,US Small Cap Growth
GNMK,US Small Cap Growth
THRM,US Small Cap Growth
GABC,US Small Cap Growth
ROCK,US Small Cap Growth
LAND,US Small Cap Growth
GKOS,US Small Cap Growth
GBT,US Small Cap Growth
GMRE,US Small Cap Growth
SELF,US Small Cap Growth
GWRS,US Small Cap Growth
GLUU,US Small Cap Growth
GDP,US Small Cap Growth
GSHD,US Small Cap Growth
GRC,US Small Cap Growth
GPX,US Small Cap Growth
GHM,US Small Cap Growth
GDOT,US Small Cap Growth
GRNQ,US Small Cap Growth
GRIF,US Small Cap Growth
GO,US Small Cap Growth
GROG,US Small Cap Growth
GRWG,US Small Cap Growth
HEES,US Small Cap Growth
HALO,US Small Cap Growth
HLNE,US Small Cap Growth
HONE,US Small Cap Growth
HROW,US Small Cap Growth
HSTM,US Small Cap Growth
HLIO,US Small Cap Growth
HMTV,US Small Cap Growth
HCCI,US Small Cap Growth
HRTX,US Small Cap Growth
HSKA,US Small Cap Growth
HGV,US Small Cap Growth
HMSY,US Small Cap Growth
HLI,US Small Cap Growth
HUSA,US Small Cap Growth
IIIV,US Small Cap Growth
IBIO,US Small Cap Growth
ICAD,US Small Cap Growth
ICUI,US Small Cap Growth
IDEX,US Small Cap Growth
IDRA,US Small Cap Growth
IEC,US Small Cap Growth
IMMR,US Small Cap Growth
PI,US Small Cap Growth
IRT,US Small Cap Growth
IGC,US Small Cap Growth
INFN,US Small Cap Growth
INFU,US Small Cap Growth
NGVT,US Small Cap Growth
IOSP,US Small Cap Growth
IIPR,US Small Cap Growth
INGN,US Small Cap Growth
INOV,US Small Cap Growth
INSG,US Small Cap Growth
INSP,US Small Cap Growth
IBP,US Small Cap Growth
ITGR,US Small Cap Growth
NTLA,US Small Cap Growth
IDN,US Small Cap Growth
INS,US Small Cap Growth
IPAR,US Small Cap Growth
ICPT,US Small Cap Growth
IIN,US Small Cap Growth
NVTA,US Small Cap Growth
IRMD,US Small Cap Growth
IRTC,US Small Cap Growth
IRDM,US Small Cap Growth
IRBT,US Small Cap Growth
IRWD,US Small Cap Growth
ISR,US Small Cap Growth
ITI,US Small Cap Growth
ITRI,US Small Cap Growth
ISEE,US Small Cap Growth
JJSF,US Small Cap Growth
JOUT,US Small Cap Growth
JNCE,US Small Cap Growth
KALA,US Small Cap Growth
KALV,US Small Cap Growth
KPTI,US Small Cap Growth
KNSL,US Small Cap Growth
KRA,US Small Cap Growth
KRYS,US Small Cap Growth
KURA,US Small Cap Growth
LKFN,US Small Cap Growth
LSCC,US Small Cap Growth
LCII,US Small Cap Growth
LGC,US Small Cap Growth
LMAT,US Small Cap Growth
TREE,US Small Cap Growth
LXRX,US Small Cap Growth
BATRA,US Small Cap Growth
LFVN,US Small Cap Growth
LGND,US Small Cap Growth
LPTH,US Small Cap Growth
LLNW,US Small Cap Growth
LINC,US Small Cap Growth
LIND,US Small Cap Growth
LIQT,US Small Cap Growth
LOB,US Small Cap Growth
LTHM,US Small Cap Growth
LPSN,US Small Cap Growth
RAMP,US Small Cap Growth
LIVX,US Small Cap Growth
LOOP,US Small Cap Growth
LORL,US Small Cap Growth
LUNA,US Small Cap Growth
MTSI,US Small Cap Growth
MDGL,US Small Cap Growth
MGLN,US Small Cap Growth
MX,US Small Cap Growth
MGNI,US Small Cap Growth
MJCO,US Small Cap Growth
MBUU,US Small Cap Growth
MNKD,US Small Cap Growth
MPX,US Small Cap Growth
MBII,US Small Cap Growth
MRTN,US Small Cap Growth
MHH,US Small Cap Growth
MTRN,US Small Cap Growth
MTNB,US Small Cap Growth
MXL,US Small Cap Growth
MGRC,US Small Cap Growth
MDLA,US Small Cap Growth
MNOV,US Small Cap Growth
MED,US Small Cap Growth
MEDP,US Small Cap Growth
MEIP,US Small Cap Growth
MMSI,US Small Cap Growth
MTOR,US Small Cap Growth
MRSN,US Small Cap Growth
MLAB,US Small Cap Growth
MSON,US Small Cap Growth
MITK,US Small Cap Growth
MODN,US Small Cap Growth
MTEM,US Small Cap Growth
MKGI,US Small Cap Growth
MNRO,US Small Cap Growth
MOTS,US Small Cap Growth
MOXC,US Small Cap Growth
MWA,US Small Cap Growth
MVBF,US Small Cap Growth
MYOS,US Small Cap Growth
NSTG,US Small Cap Growth
NAOV,US Small Cap Growth
NSSC,US Small Cap Growth
FIZZ,US Small Cap Growth
NRC,US Small Cap Growth
EYE,US Small Cap Growth
NEO,US Small Cap Growth
NLTX,US Small Cap Growth
NEOS,US Small Cap Growth
NEPH,US Small Cap Growth
NTRP,US Small Cap Growth
NBEV,US Small Cap Growth
NWGI,US Small Cap Growth
NXRT,US Small Cap Growth
LASR,US Small Cap Growth
NTIC,US Small Cap Growth
NOVN,US Small Cap Growth
NUVA,US Small Cap Growth
NUZE,US Small Cap Growth
OBCI,US Small Cap Growth
ODT,US Small Cap Growth
OMEX,US Small Cap Growth
OFLX,US Small Cap Growth
OMER,US Small Cap Growth
OMCL,US Small Cap Growth
OCX,US Small Cap Growth
OSPN,US Small Cap Growth
OTRK,US Small Cap Growth
OOMA,US Small Cap Growth
OPNT,US Small Cap Growth
OPRX,US Small Cap Growth
ORMP,US Small Cap Growth
ORGS,US Small Cap Growth
OESX,US Small Cap Growth
ORA,US Small Cap Growth
OFIX,US Small Cap Growth
KIDS,US Small Cap Growth
OSIS,US Small Cap Growth
PCRX,US Small Cap Growth
PAE,US Small Cap Growth
PTN,US Small Cap Growth
PZZA,US Small Cap Growth
PRTK,US Small Cap Growth
PCYG,US Small Cap Growth
PATK,US Small Cap Growth
PAYS,US Small Cap Growth
PCSB,US Small Cap Growth
PDFS,US Small Cap Growth
PRFT,US Small Cap Growth
PFGC,US Small Cap Growth
PETQ,US Small Cap Growth
PGTI,US Small Cap Growth
PIRS,US Small Cap Growth
PING,US Small Cap Growth
PXLW,US Small Cap Growth
PLXS,US Small Cap Growth
PLUG,US Small Cap Growth
PS,US Small Cap Growth
POLA,US Small Cap Growth
PW,US Small Cap Growth
PRAA,US Small Cap Growth
PRGX,US Small Cap Growth
PDEX,US Small Cap Growth
PFHD,US Small Cap Growth
PRO,US Small Cap Growth
PLX,US Small Cap Growth
PRLB,US Small Cap Growth
PTCT,US Small Cap Growth
PLSE,US Small Cap Growth
PRPL,US Small Cap Growth
QADA,US Small Cap Growth
QTS,US Small Cap Growth
KWR,US Small Cap Growth
QTRX,US Small Cap Growth
QNST,US Small Cap Growth
QUOT,US Small Cap Growth
RCM,US Small Cap Growth
RDUS,US Small Cap Growth
RDNT,US Small Cap Growth
METC,US Small Cap Growth
RMBS,US Small Cap Growth
RPD,US Small Cap Growth
RAVN,US Small Cap Growth
ROLL,US Small Cap Growth
RGNX,US Small Cap Growth
RM,US Small Cap Growth
REKR,US Small Cap Growth
MARK,US Small Cap Growth
KRMD,US Small Cap Growth
FRBK,US Small Cap Growth
REFR,US Small Cap Growth
RESN,US Small Cap Growth
RVLV,US Small Cap Growth
RFIL,US Small Cap Growth
RIOT,US Small Cap Growth
RLI,US Small Cap Growth
ROG,US Small Cap Growth
RST,US Small Cap Growth
RMBL,US Small Cap Growth
RUSHA,US Small Cap Growth
SAFE,US Small Cap Growth
SAGE,US Small Cap Growth
SAIA,US Small Cap Growth
SAIL,US Small Cap Growth
SAFM,US Small Cap Growth
SGMO,US Small Cap Growth
SCPL,US Small Cap Growth
SCPH,US Small Cap Growth
SBCF,US Small Cap Growth
SCWX,US Small Cap Growth
SELB,US Small Cap Growth
SMTC,US Small Cap Growth
SENS,US Small Cap Growth
SRTS,US Small Cap Growth
MCRB,US Small Cap Growth
SFBS,US Small Cap Growth
SHAK,US Small Cap Growth
SMED,US Small Cap Growth
SHSP,US Small Cap Growth
SHEN,US Small Cap Growth
PIXY,US Small Cap Growth
SSTI,US Small Cap Growth
SIBN,US Small Cap Growth
SIEB,US Small Cap Growth
SIEN,US Small Cap Growth
SSD,US Small Cap Growth
SLP,US Small Cap Growth
SKY,US Small Cap Growth
SNBR,US Small Cap Growth
SONO,US Small Cap Growth
SPKE,US Small Cap Growth
SPRO,US Small Cap Growth
SPWH,US Small Cap Growth
SPSC,US Small Cap Growth
STAA,US Small Cap Growth
STMP,US Small Cap Growth
SFIX,US Small Cap Growth
STRA,US Small Cap Growth
SUM,US Small Cap Growth
RUN,US Small Cap Growth
SUPN,US Small Cap Growth
SRDX,US Small Cap Growth
SSSS,US Small Cap Growth
SVMK,US Small Cap Growth
SYRS,US Small Cap Growth
TRHC,US Small Cap Growth
TCMD,US Small Cap Growth
TCO,US Small Cap Growth
GLG,US Small Cap Growth
TTGT,US Small Cap Growth
TNAV,US Small Cap Growth
TPX,US Small Cap Growth
TNC,US Small Cap Growth
TRNO,US Small Cap Growth
TXRH,US Small Cap Growth
BCO,US Small Cap Growth
HAIN,US Small Cap Growth
JYNT,US Small Cap Growth
LOVE,US Small Cap Growth
MEET,US Small Cap Growth
STKS,US Small Cap Growth
SHYF,US Small Cap Growth
TXMD,US Small Cap Growth
TVTY,US Small Cap Growth
BLD,US Small Cap Growth
TRCH,US Small Cap Growth
TPIC,US Small Cap Growth
TRNS,US Small Cap Growth
TBK,US Small Cap Growth
TRUP,US Small Cap Growth
MEDS,US Small Cap Growth
TTEC,US Small Cap Growth
TCX,US Small Cap Growth
HEAR,US Small Cap Growth
TYME,US Small Cap Growth
UFPI,US Small Cap Growth
UFPT,US Small Cap Growth
UNF,US Small Cap Growth
UPLD,US Small Cap Growth
UE,US Small Cap Growth
USCR,US Small Cap Growth
ECOL,US Small Cap Growth
USPH,US Small Cap Growth
VNDA,US Small Cap Growth
VRNS,US Small Cap Growth
VCYT,US Small Cap Growth
VERB,US Small Cap Growth
VCEL,US Small Cap Growth
VRME,US Small Cap Growth
VERI,US Small Cap Growth
VRRM,US Small Cap Growth
VERU,US Small Cap Growth
VSAT,US Small Cap Growth
VIAV,US Small Cap Growth
VICR,US Small Cap Growth
VRAY,US Small Cap Growth
VKTX,US Small Cap Growth
VPG,US Small Cap Growth
VC,US Small Cap Growth
VSLR,US Small Cap Growth
VCRA,US Small Cap Growth
VYGR,US Small Cap Growth
VTVT,US Small Cap Growth
VUZI,US Small Cap Growth
GRA,US Small Cap Growth
WTRH,US Small Cap Growth
WYY,US Small Cap Growth
WLDN,US Small Cap Growth
WSC,US Small Cap Growth
WINA,US Small Cap Growth
WGO,US Small Cap Growth
WKHS,US Small Cap Growth
WK,US Small Cap Growth
WWE,US Small Cap Growth
WPX,US Small Cap Growth
XNCR,US Small Cap Growth
XOMA,US Small Cap Growth
XPEL,US Small Cap Growth
YELP,US Small Cap Growth
YETI,US Small Cap Growth
YEXT,US Small Cap Growth
ZGNX,US Small Cap Growth
ZUMZ,US Small Cap Growth
ZYXI,US Small Cap Growth
PIH,US Small Cap Value
TURN,US Small Cap Value
FCCY,US Small Cap Value
AHC,US Small Cap Value
ABEO,US Small Cap Value
ANF,US Small Cap Value
ACHC,US Small Cap Value
ACCO,US Small Cap Value
ARAY,US Small Cap Value
ACER,US Small Cap Value
ACHV,US Small Cap Value
ACOR,US Small Cap Value
ATNM,US Small Cap Value
ADMP,US Small Cap Value
AE,US Small Cap Value
AEY,US Small Cap Value
ATGE,US Small Cap Value
ADTN,US Small Cap Value
ADRO,US Small Cap Value
ADES,US Small Cap Value
ASIX,US Small Cap Value
AGLE,US Small Cap Value
ACY,US Small Cap Value
ARPO,US Small Cap Value
AMG,US Small Cap Value
MITT,US Small Cap Value
AGRX,US Small Cap Value
AGFS,US Small Cap Value
AIKI,US Small Cap Value
ALRN,US Small Cap Value
AIRI,US Small Cap Value
AIRT,US Small Cap Value
AKER,US Small Cap Value
ALSK,US Small Cap Value
AA,US Small Cap Value
ALRS,US Small Cap Value
ALX,US Small Cap Value
ALJJ,US Small Cap Value
ALE,US Small Cap Value
ADS,US Small Cap Value
ARLP,US Small Cap Value
AB,US Small Cap Value
AHPI,US Small Cap Value
MDRX,US Small Cap Value
ATEC,US Small Cap Value
AMAG,US Small Cap Value
AMRK,US Small Cap Value
AMBC,US Small Cap Value
AMC,US Small Cap Value
AMCX,US Small Cap Value
DIT,US Small Cap Value
AMRH,US Small Cap Value
ATAX,US Small Cap Value
AXL,US Small Cap Value
AEO,US Small Cap Value
AEL,US Small Cap Value
AMNB,US Small Cap Value
ANAT,US Small Cap Value
ARA,US Small Cap Value
AMS,US Small Cap Value
AMSC,US Small Cap Value
AMSF,US Small Cap Value
ASRV,US Small Cap Value
ATLO,US Small Cap Value
AP,US Small Cap Value
AMPY,US Small Cap Value
AXR,US Small Cap Value
ASYS,US Small Cap Value
AMRS,US Small Cap Value
ANDE,US Small Cap Value
ANH,US Small Cap Value
APEX,US Small Cap Value
APOG,US Small Cap Value
ARI,US Small Cap Value
AMEH,US Small Cap Value
APLE,US Small Cap Value
APDN,US Small Cap Value
AGTC,US Small Cap Value
AAOI,US Small Cap Value
APVO,US Small Cap Value
ARC,US Small Cap Value
ABIO,US Small Cap Value
RKDA,US Small Cap Value
ARCH,US Small Cap Value
AROC,US Small Cap Value
ARKR,US Small Cap Value
AI,US Small Cap Value
ARMP,US Small Cap Value
ARR,US Small Cap Value
AFI,US Small Cap Value
AWI,US Small Cap Value
ARTNA,US Small Cap Value
APAM,US Small Cap Value
ARTW,US Small Cap Value
ASNA,US Small Cap Value
AHT,US Small Cap Value
ASRT,US Small Cap Value
ASB,US Small Cap Value
AC,US Small Cap Value
ASFI,US Small Cap Value
HOME,US Small Cap Value
ATRA,US Small Cap Value
AAME,US Small Cap Value
ATLC,US Small Cap Value
AAWW,US Small Cap Value
ATOS,US Small Cap Value
AN,US Small Cap Value
AUTO,US Small Cap Value
AWX,US Small Cap Value
AVNS,US Small Cap Value
AVYA,US Small Cap Value
AVNW,US Small Cap Value
AVID,US Small Cap Value
AVNT,US Small Cap Value
AVGR,US Small Cap Value
AVA,US Small Cap Value
AVT,US Small Cap Value
AWRE,US Small Cap Value
AYTU,US Small Cap Value
BGS,US Small Cap Value
BW,US Small Cap Value
BCSF,US Small Cap Value
BTN,US Small Cap Value
BOCH,US Small Cap Value
BOTJ,US Small Cap Value
BKU,US Small Cap Value
BWFG,US Small Cap Value
BHB,US Small Cap Value
BBDC,US Small Cap Value
BRN,US Small Cap Value
BSET,US Small Cap Value
BBX,US Small Cap Value
BCBP,US Small Cap Value
BECN,US Small Cap Value
BBGI,US Small Cap Value
BZH,US Small Cap Value
BBBY,US Small Cap Value
BELFB,US Small Cap Value
BDC,US Small Cap Value
BNTC,US Small Cap Value
BHLB,US Small Cap Value
BGCP,US Small Cap Value
BGFV,US Small Cap Value
BIG,US Small Cap Value
BH,US Small Cap Value
BCDA,US Small Cap Value
BKYI,US Small Cap Value
BIOL,US Small Cap Value
BPTH,US Small Cap Value
BJRI,US Small Cap Value
BKH,US Small Cap Value
BSM,US Small Cap Value
BKCC,US Small Cap Value
TCPC,US Small Cap Value
BXMT,US Small Cap Value
BDR,US Small Cap Value
APRN,US Small Cap Value
BRG,US Small Cap Value
BCEI,US Small Cap Value
BIMI,US Small Cap Value
BPFH,US Small Cap Value
BWL.A,US Small Cap Value
BPT,US Small Cap Value
BHR,US Small Cap Value
BDN,US Small Cap Value
BVTK,US Small Cap Value
BBI,US Small Cap Value
BLIN,US Small Cap Value
BGGSQ,US Small Cap Value
BSIG,US Small Cap Value
EAT,US Small Cap Value
BRX,US Small Cap Value
BYFC,US Small Cap Value
BWEN,US Small Cap Value
BKD,US Small Cap Value
BRT,US Small Cap Value
BSQR,US Small Cap Value
BKE,US Small Cap Value
BBW,US Small Cap Value
CFFI,US Small Cap Value
CBT,US Small Cap Value
CADE,US Small Cap Value
CLBS,US Small Cap Value
CAL,US Small Cap Value
CALB,US Small Cap Value
CRCQQ,US Small Cap Value
CPE,US Small Cap Value
CALM,US Small Cap Value
CLMT,US Small Cap Value
CAC,US Small Cap Value
CCAN,US Small Cap Value
CGIX,US Small Cap Value
CNNE,US Small Cap Value
CPHC,US Small Cap Value
CSU,US Small Cap Value
CSWC,US Small Cap Value
CFFN,US Small Cap Value
CMO,US Small Cap Value
CPST,US Small Cap Value
CRDE,US Small Cap Value
CTRE,US Small Cap Value
CSV,US Small Cap Value
CARS,US Small Cap Value
CASA,US Small Cap Value
SAVA,US Small Cap Value
CATB,US Small Cap Value
CBIO,US Small Cap Value
CTT,US Small Cap Value
CBAT,US Small Cap Value
CBL,US Small Cap Value
FUN,US Small Cap Value
CDR,US Small Cap Value
CLDX,US Small Cap Value
CLRB,US Small Cap Value
CETX,US Small Cap Value
CNGO,US Small Cap Value
CDEV,US Small Cap Value
CPF,US Small Cap Value
CVCY,US Small Cap Value
LEU,US Small Cap Value
CENX,US Small Cap Value
CHNG,US Small Cap Value
ECOM,US Small Cap Value
CTHR,US Small Cap Value
CLDT,US Small Cap Value
CAKE,US Small Cap Value
CHMG,US Small Cap Value
CHMI,US Small Cap Value
CHFS,US Small Cap Value
CVR,US Small Cap Value
CHS,US Small Cap Value
CIM,US Small Cap Value
CAAS,US Small Cap Value
CGA,US Small Cap Value
HGSH,US Small Cap Value
CJJD,US Small Cap Value
CPHI,US Small Cap Value
CREG,US Small Cap Value
CNET,US Small Cap Value
COFS,US Small Cap Value
CHUY,US Small Cap Value
CDTX,US Small Cap Value
CMCT,US Small Cap Value
XEC,US Small Cap Value
CBB,US Small Cap Value
CNK,US Small Cap Value
CINR,US Small Cap Value
CIT,US Small Cap Value
CTRN,US Small Cap Value
CTXR,US Small Cap Value
CZNC,US Small Cap Value
CZWI,US Small Cap Value
CIZN,US Small Cap Value
CIA,US Small Cap Value
CIO,US Small Cap Value
CIVB,US Small Cap Value
CLRO,US Small Cap Value
CLW,US Small Cap Value
CLF,US Small Cap Value
CLPR,US Small Cap Value
CNO,US Small Cap Value
CNXM,US Small Cap Value
CNX,US Small Cap Value
COCP,US Small Cap Value
CVLY,US Small Cap Value
CDE,US Small Cap Value
JVA,US Small Cap Value
COHN,US Small Cap Value
CFX,US Small Cap Value
CBAN,US Small Cap Value
CLNY,US Small Cap Value
CMC,US Small Cap Value
CVGI,US Small Cap Value
COMM,US Small Cap Value
JCS,US Small Cap Value
CYH,US Small Cap Value
CWBC,US Small Cap Value
CPSI,US Small Cap Value
CIX,US Small Cap Value
SCOR,US Small Cap Value
CHCI,US Small Cap Value
CRK,US Small Cap Value
CNCE,US Small Cap Value
CDOR,US Small Cap Value
CNDT,US Small Cap Value
CFMS,US Small Cap Value
CNFR,US Small Cap Value
CNOB,US Small Cap Value
CCR,US Small Cap Value
CEIX,US Small Cap Value
CNSL,US Small Cap Value
CPSS,US Small Cap Value
MCF,US Small Cap Value
CTRA,US Small Cap Value
CPS,US Small Cap Value
CMT,US Small Cap Value
CXW,US Small Cap Value
CORR,US Small Cap Value
CLDB,US Small Cap Value
CRVS,US Small Cap Value
COTY,US Small Cap Value
CVA,US Small Cap Value
COWN,US Small Cap Value
CVU,US Small Cap Value
CBRL,US Small Cap Value
CR,US Small Cap Value
CRD.A,US Small Cap Value
CEQP,US Small Cap Value
CRT,US Small Cap Value
CAPL,US Small Cap Value
CRWS,US Small Cap Value
CSPI,US Small Cap Value
CTIC,US Small Cap Value
CUB,US Small Cap Value
CULP,US Small Cap Value
CPIX,US Small Cap Value
CRIS,US Small Cap Value
CUBI,US Small Cap Value
CVV,US Small Cap Value
CVI,US Small Cap Value
UAN,US Small Cap Value
CYAN,US Small Cap Value
CYCC,US Small Cap Value
CELP,US Small Cap Value
DAKT,US Small Cap Value
DAN,US Small Cap Value
DRIO,US Small Cap Value
DAIO,US Small Cap Value
PLAY,US Small Cap Value
DWSN,US Small Cap Value
DCP,US Small Cap Value
DCTH,US Small Cap Value
DKL,US Small Cap Value
DK,US Small Cap Value
DBCP,US Small Cap Value
DLX,US Small Cap Value
DNR,US Small Cap Value
DBI,US Small Cap Value
DXLG,US Small Cap Value
DRH,US Small Cap Value
DFFN,US Small Cap Value
DRAD,US Small Cap Value
DGLY,US Small Cap Value
DDS,US Small Cap Value
DCOM,US Small Cap Value
DHC,US Small Cap Value
DSS,US Small Cap Value
DLPN,US Small Cap Value
UFS,US Small Cap Value
DGICA,US Small Cap Value
DFIN,US Small Cap Value
DVD,US Small Cap Value
DPW,US Small Cap Value
DRQ,US Small Cap Value
DS,US Small Cap Value
BKCT,US Small Cap Value
DUOT,US Small Cap Value
DYNT,US Small Cap Value
DX,US Small Cap Value
EGBN,US Small Cap Value
EXP,US Small Cap Value
KODK,US Small Cap Value
EBIX,US Small Cap Value
ECT,US Small Cap Value
SATS,US Small Cap Value
EPC,US Small Cap Value
EKSO,US Small Cap Value
ESI,US Small Cap Value
ELVT,US Small Cap Value
EARN,US Small Cap Value
ESBK,US Small Cap Value
EMAN,US Small Cap Value
EMCF,US Small Cap Value
EMKR,US Small Cap Value
EEX,US Small Cap Value
MSN,US Small Cap Value
ESRT,US Small Cap Value
ENBL,US Small Cap Value
ELGX,US Small Cap Value
EIGI,US Small Cap Value
ENR,US Small Cap Value
EFOI,US Small Cap Value
ENG,US Small Cap Value
ENLC,US Small Cap Value
EBF,US Small Cap Value
ENSV,US Small Cap Value
ETM,US Small Cap Value
EVC,US Small Cap Value
EVA,US Small Cap Value
ENZ,US Small Cap Value
EPR,US Small Cap Value
EQT,US Small Cap Value
EQC,US Small Cap Value
ESP,US Small Cap Value
ESSA,US Small Cap Value
EPRT,US Small Cap Value
ETH,US Small Cap Value
EVK,US Small Cap Value
EVRI,US Small Cap Value
EVFM,US Small Cap Value
EPM,US Small Cap Value
EVOL,US Small Cap Value
XAN,US Small Cap Value
EXPR,US Small Cap Value
STAY,US Small Cap Value
EXTN,US Small Cap Value
EZPW,US Small Cap Value
FNB,US Small Cap Value
FARM,US Small Cap Value
FBSS,US Small Cap Value
FFG,US Small Cap Value
AGM.A,US Small Cap Value
FNHC,US Small Cap Value
FOE,US Small Cap Value
FDUS,US Small Cap Value
FRGI,US Small Cap Value
FISI,US Small Cap Value
FBNC,US Small Cap Value
FNLC,US Small Cap Value
FRBA,US Small Cap Value
BUSE,US Small Cap Value
FBIZ,US Small Cap Value
FCF,US Small Cap Value
FCBC,US Small Cap Value
FFBC,US Small Cap Value
THFF,US Small Cap Value
FFNW,US Small Cap Value
FGBI,US Small Cap Value
FHB,US Small Cap Value
FHN,US Small Cap Value
INBK,US Small Cap Value
FIBK,US Small Cap Value
FXNC,US Small Cap Value
FLIC,US Small Cap Value
FUNC,US Small Cap Value
FUSB,US Small Cap Value
SVVC,US Small Cap Value
FIT,US Small Cap Value
FPRX,US Small Cap Value
FVE,US Small Cap Value
BDL,US Small Cap Value
FLXN,US Small Cap Value
FLXS,US Small Cap Value
FTK,US Small Cap Value
FLS,US Small Cap Value
FLR,US Small Cap Value
FFIC,US Small Cap Value
FOCS,US Small Cap Value
FET,US Small Cap Value
FOSL,US Small Cap Value
FBM,US Small Cap Value
FRAN,US Small Cap Value
FSB,US Small Cap Value
FRAF,US Small Cap Value
FSP,US Small Cap Value
RAIL,US Small Cap Value
FRD,US Small Cap Value
FSK,US Small Cap Value
FTEK,US Small Cap Value
FCEL,US Small Cap Value
FLL,US Small Cap Value
FULT,US Small Cap Value
FNKO,US Small Cap Value
FTFT,US Small Cap Value
FF,US Small Cap Value
GCAP,US Small Cap Value
GBL,US Small Cap Value
GME,US Small Cap Value
GCI,US Small Cap Value
GTX,US Small Cap Value
GARS,US Small Cap Value
JOB,US Small Cap Value
GMO,US Small Cap Value
GCO,US Small Cap Value
GEL,US Small Cap Value
GEN,US Small Cap Value
GNW,US Small Cap Value
GEVO,US Small Cap Value
GIII,US Small Cap Value
GLAD,US Small Cap Value
GOOD,US Small Cap Value
GAIN,US Small Cap Value
GLBZ,US Small Cap Value
ENT,US Small Cap Value
GLP,US Small Cap Value
GMS,US Small Cap Value
GNCIQ,US Small Cap Value
GSBD,US Small Cap Value
GBDC,US Small Cap Value
GTIM,US Small Cap Value
GT,US Small Cap Value
GHC,US Small Cap Value
GVA,US Small Cap Value
GFGY,US Small Cap Value
GPMT,US Small Cap Value
AJX,US Small Cap Value
GECC,US Small Cap Value
GLDD,US Small Cap Value
GWB,US Small Cap Value
GPRE,US Small Cap Value
GPP,US Small Cap Value
GBX,US Small Cap Value
GHL,US Small Cap Value
GEF,US Small Cap Value
GPI,US Small Cap Value
GRPN,US Small Cap Value
GVP,US Small Cap Value
GES,US Small Cap Value
GIFI,US Small Cap Value
GURE,US Small Cap Value
HRB,US Small Cap Value
HNRG,US Small Cap Value
HALL,US Small Cap Value
HBB,US Small Cap Value
HNGR,US Small Cap Value
HAFC,US Small Cap Value
HOG,US Small Cap Value
HRTH,US Small Cap Value
HBIO,US Small Cap Value
HCAP,US Small Cap Value
HVT,US Small Cap Value
HE,US Small Cap Value
HA,US Small Cap Value
HTLF,US Small Cap Value
HTBX,US Small Cap Value
HL,US Small Cap Value
HLX,US Small Cap Value
HP,US Small Cap Value
HNNA,US Small Cap Value
HEPA,US Small Cap Value
HTGC,US Small Cap Value
HTBK,US Small Cap Value
HRTG,US Small Cap Value
HLBYL,US Small Cap Value
HT,US Small Cap Value
HTZ,US Small Cap Value
HCRSQ,US Small Cap Value
HPR,US Small Cap Value
HIW,US Small Cap Value
HIL,US Small Cap Value
HI,US Small Cap Value
HTH,US Small Cap Value
HQI,US Small Cap Value
HMNF,US Small Cap Value
HEP,US Small Cap Value
HFBL,US Small Cap Value
HOFT,US Small Cap Value
HOPE,US Small Cap Value
HBNC,US Small Cap Value
HZN,US Small Cap Value
HRZN,US Small Cap Value
HMHC,US Small Cap Value
HWCC,US Small Cap Value
HOV,US Small Cap Value
HTGM,US Small Cap Value
HCFT,US Small Cap Value
HURC,US Small Cap Value
HBP,US Small Cap Value
ICCH,US Small Cap Value
ICON,US Small Cap Value
IDT,US Small Cap Value
IFMK,US Small Cap Value
IKNX,US Small Cap Value
IMBI,US Small Cap Value
ICCC,US Small Cap Value
IMUX,US Small Cap Value
IMH,US Small Cap Value
IOR,US Small Cap Value
ILPT,US Small Cap Value
IMKTA,US Small Cap Value
INOD,US Small Cap Value
IHT,US Small Cap Value
INPX,US Small Cap Value
ISIG,US Small Cap Value
INSE,US Small Cap Value
NSPR,US Small Cap Value
TILE,US Small Cap Value
IDXG,US Small Cap Value
IVAC,US Small Cap Value
ITCI,US Small Cap Value
IPI,US Small Cap Value
IVC,US Small Cap Value
IARE,US Small Cap Value
IVR,US Small Cap Value
ICMB,US Small Cap Value
ISBC,US Small Cap Value
IRET,US Small Cap Value
ITIC,US Small Cap Value
NVIV,US Small Cap Value
IO,US Small Cap Value
IRIX,US Small Cap Value
STAR,US Small Cap Value
ITP,US Small Cap Value
JAX,US Small Cap Value
JILL,US Small Cap Value
JAGX,US Small Cap Value
JAKK,US Small Cap Value
JAN,US Small Cap Value
JMP,US Small Cap Value
JW.A,US Small Cap Value
KNDI,US Small Cap Value
KAR,US Small Cap Value
KBH,US Small Cap Value
KFFB,US Small Cap Value
KEQU,US Small Cap Value
KTCC,US Small Cap Value
KRP,US Small Cap Value
KIN,US Small Cap Value
KINS,US Small Cap Value
KFS,US Small Cap Value
KIRK,US Small Cap Value
KRG,US Small Cap Value
KREF,US Small Cap Value
KNL,US Small Cap Value
KSS,US Small Cap Value
KOS,US Small Cap Value
KOSS,US Small Cap Value
KRO,US Small Cap Value
FSTR,US Small Cap Value
LADR,US Small Cap Value
LBAI,US Small Cap Value
LMRK,US Small Cap Value
LCI,US Small Cap Value
LPI,US Small Cap Value
LAUR,US Small Cap Value
LCNB,US Small Cap Value
LEE,US Small Cap Value
LC,US Small Cap Value
LEVL,US Small Cap Value
LBRT,US Small Cap Value
LTRPA,US Small Cap Value
LCUT,US Small Cap Value
LTBR,US Small Cap Value
LCTX,US Small Cap Value
LQDT,US Small Cap Value
LXU,US Small Cap Value
LTC,US Small Cap Value
LUB,US Small Cap Value
LL,US Small Cap Value
LUMO,US Small Cap Value
LDL,US Small Cap Value
MDC,US Small Cap Value
MAC,US Small Cap Value
CLI,US Small Cap Value
MFNC,US Small Cap Value
MIC,US Small Cap Value
M,US Small Cap Value
MGY,US Small Cap Value
MAIN,US Small Cap Value
TUSK,US Small Cap Value
LOAN,US Small Cap Value
MTW,US Small Cap Value
MTEX,US Small Cap Value
MARA,US Small Cap Value
MCS,US Small Cap Value
MRIN,US Small Cap Value
MARPS,US Small Cap Value
MRLN,US Small Cap Value
MMLP,US Small Cap Value
MTDR,US Small Cap Value
MATW,US Small Cap Value
MAXR,US Small Cap Value
MBI,US Small Cap Value
MCCX,US Small Cap Value
MCC,US Small Cap Value
MDLY,US Small Cap Value
MD,US Small Cap Value
MDP,US Small Cap Value
MRBK,US Small Cap Value
MACK,US Small Cap Value
MTR,US Small Cap Value
MSB,US Small Cap Value
MFA,US Small Cap Value
MPB,US Small Cap Value
MCEP,US Small Cap Value
MSBI,US Small Cap Value
MSVB,US Small Cap Value
MOFG,US Small Cap Value
MLND,US Small Cap Value
MTX,US Small Cap Value
NERV,US Small Cap Value
MGEN,US Small Cap Value
MG,US Small Cap Value
MIND,US Small Cap Value
MC,US Small Cap Value
MBRX,US Small Cap Value
MGI,US Small Cap Value
MRCC,US Small Cap Value
MR,US Small Cap Value
MOSY,US Small Cap Value
MOV,US Small Cap Value
MRC,US Small Cap Value
MSGN,US Small Cap Value
MTSC,US Small Cap Value
MUR,US Small Cap Value
MBIO,US Small Cap Value
MVO,US Small Cap Value
MVC,US Small Cap Value
MYSZ,US Small Cap Value
MYO,US Small Cap Value
MYGN,US Small Cap Value
NC,US Small Cap Value
NNVC,US Small Cap Value
NATH,US Small Cap Value
NCMI,US Small Cap Value
NFG,US Small Cap Value
NHI,US Small Cap Value
NHC,US Small Cap Value
NPK,US Small Cap Value
NSEC,US Small Cap Value
NWLI,US Small Cap Value
NAII,US Small Cap Value
NGS,US Small Cap Value
NHTC,US Small Cap Value
NRP,US Small Cap Value
NAVI,US Small Cap Value
NAV,US Small Cap Value
NCR,US Small Cap Value
NCSM,US Small Cap Value
NNI,US Small Cap Value
UEPS,US Small Cap Value
NETE,US Small Cap Value
NTGR,US Small Cap Value
NTCT,US Small Cap Value
NTWK,US Small Cap Value
NTIP,US Small Cap Value
NURO,US Small Cap Value
NJR,US Small Cap Value
NMFC,US Small Cap Value
NRZ,US Small Cap Value
SNR,US Small Cap Value
NYMT,US Small Cap Value
NMRK,US Small Cap Value
NR,US Small Cap Value
NEWT,US Small Cap Value
NEXT,US Small Cap Value
NXGN,US Small Cap Value
NEX,US Small Cap Value
NL,US Small Cap Value
NMIH,US Small Cap Value
NNBR,US Small Cap Value
NBLX,US Small Cap Value
NDLS,US Small Cap Value
JWN,US Small Cap Value
NSYS,US Small Cap Value
NRT,US Small Cap Value
NOG,US Small Cap Value
NFBK,US Small Cap Value
NRIM,US Small Cap Value
NWBI,US Small Cap Value
NWN,US Small Cap Value
NWE,US Small Cap Value
NWFL,US Small Cap Value
NVFY,US Small Cap Value
NBY,US Small Cap Value
NVUS,US Small Cap Value
DNOW,US Small Cap Value
NTN,US Small Cap Value
NUS,US Small Cap Value
NS,US Small Cap Value
NES,US Small Cap Value
NVEC,US Small Cap Value
NXTD,US Small Cap Value
OCSI,US Small Cap Value
OMP,US Small Cap Value
OBLN,US Small Cap Value
OBLG,US Small Cap Value
OPTT,US Small Cap Value
OCN,US Small Cap Value
OPI,US Small Cap Value
OFS,US Small Cap Value
OVBC,US Small Cap Value
OI,US Small Cap Value
OIS,US Small Cap Value
ONB,US Small Cap Value
OPOF,US Small Cap Value
OLN,US Small Cap Value
ZEUS,US Small Cap Value
ONTX,US Small Cap Value
ONCS,US Small Cap Value
ONCT,US Small Cap Value
OLP,US Small Cap Value
ONTO,US Small Cap Value
OPGN,US Small Cap Value
OPK,US Small Cap Value
OPY,US Small Cap Value
OCC,US Small Cap Value
OPHC,US Small Cap Value
OPCH,US Small Cap Value
OEG,US Small Cap Value
ORC,US Small Cap Value
ORN,US Small Cap Value
ORRF,US Small Cap Value
OTEL,US Small Cap Value
OTIC,US Small Cap Value
OTTR,US Small Cap Value
OUT,US Small Cap Value
OTLK,US Small Cap Value
OSG,US Small Cap Value
OSTK,US Small Cap Value
OMI,US Small Cap Value
OXM,US Small Cap Value
OXSQ,US Small Cap Value
PFIN,US Small Cap Value
GLT,US Small Cap Value
PEIX,US Small Cap Value
PACW,US Small Cap Value
PHX,US Small Cap Value
PZG,US Small Cap Value
PKE,US Small Cap Value
PK,US Small Cap Value
PRK,US Small Cap Value
PKOH,US Small Cap Value
PSN,US Small Cap Value
PRTY,US Small Cap Value
PBHC,US Small Cap Value
PNBK,US Small Cap Value
PATI,US Small Cap Value
PDCO,US Small Cap Value
PTEN,US Small Cap Value
PBF,US Small Cap Value
PBFX,US Small Cap Value
PCTI,US Small Cap Value
PDLI,US Small Cap Value
PDLB,US Small Cap Value
PDSB,US Small Cap Value
BTU,US Small Cap Value
PEB,US Small Cap Value
PED,US Small Cap Value
PVAC,US Small Cap Value
PNNT,US Small Cap Value
PFLT,US Small Cap Value
PWOD,US Small Cap Value
PEI,US Small Cap Value
PFSI,US Small Cap Value
PAG,US Small Cap Value
PEBK,US Small Cap Value
PRCP,US Small Cap Value
PFMT,US Small Cap Value
PPIH,US Small Cap Value
PBT,US Small Cap Value
PVL,US Small Cap Value
PRSP,US Small Cap Value
PSXP,US Small Cap Value
PHIO,US Small Cap Value
PICO,US Small Cap Value
PPSI,US Small Cap Value
PIPR,US Small Cap Value
PBI,US Small Cap Value
PAGP,US Small Cap Value
PLAG,US Small Cap Value
PLT,US Small Cap Value
PSTV,US Small Cap Value
PNM,US Small Cap Value
POR,US Small Cap Value
PTMN,US Small Cap Value
PBPB,US Small Cap Value
POWL,US Small Cap Value
PGEN,US Small Cap Value
PRPO,US Small Cap Value
APTS,US Small Cap Value
PLPC,US Small Cap Value
PFBI,US Small Cap Value
PINC,US Small Cap Value
PBH,US Small Cap Value
PRA,US Small Cap Value
IPDN,US Small Cap Value
PRGS,US Small Cap Value
PRPH,US Small Cap Value
PTVCA,US Small Cap Value
PROV,US Small Cap Value
PFS,US Small Cap Value
PBIP,US Small Cap Value
PMD,US Small Cap Value
TPNI,US Small Cap Value
PVH,US Small Cap Value
PZN,US Small Cap Value
QEP,US Small Cap Value
QUAD,US Small Cap Value
QMCO,US Small Cap Value
QRHC,US Small Cap Value
RRD,US Small Cap Value
RRC,US Small Cap Value
RAVE,US Small Cap Value
RYAM,US Small Cap Value
RYN,US Small Cap Value
RCMT,US Small Cap Value
RDI,US Small Cap Value
RC,US Small Cap Value
RLGY,US Small Cap Value
REPH,US Small Cap Value
RRGB,US Small Cap Value
REGX,US Small Cap Value
RWT,US Small Cap Value
RHE,US Small Cap Value
RGS,US Small Cap Value
RBNC,US Small Cap Value
RELV,US Small Cap Value
REGI,US Small Cap Value
REZI,US Small Cap Value
RFP,US Small Cap Value
ROIC,US Small Cap Value
RPAI,US Small Cap Value
REVG,US Small Cap Value
REV,US Small Cap Value
REXN,US Small Cap Value
RXN,US Small Cap Value
RBBN,US Small Cap Value
RIBT,US Small Cap Value
RELL,US Small Cap Value
RNET,US Small Cap Value
RAD,US Small Cap Value
RVSB,US Small Cap Value
RIVE,US Small Cap Value
RLJ,US Small Cap Value
RCKY,US Small Cap Value
RMCF,US Small Cap Value
ROSE,US Small Cap Value
RES,US Small Cap Value
RPT,US Small Cap Value
RTWIQ,US Small Cap Value
RBCN,US Small Cap Value
RUTH,US Small Cap Value
R,US Small Cap Value
RYI,US Small Cap Value
RHP,US Small Cap Value
STBA,US Small Cap Value
SANW,US Small Cap Value
SBR,US Small Cap Value
SBRA,US Small Cap Value
SABR,US Small Cap Value
SACH,US Small Cap Value
SAFT,US Small Cap Value
SGA,US Small Cap Value
SLRX,US Small Cap Value
SALM,US Small Cap Value
SBH,US Small Cap Value
SJT,US Small Cap Value
SNMP,US Small Cap Value
SD,US Small Cap Value
PER,US Small Cap Value
SASR,US Small Cap Value
SAR,US Small Cap Value
SVRA,US Small Cap Value
SBFG,US Small Cap Value
SCSC,US Small Cap Value
SMIT,US Small Cap Value
SCHL,US Small Cap Value
SWM,US Small Cap Value
SGMS,US Small Cap Value
SCU,US Small Cap Value
SEB,US Small Cap Value
SEAC,US Small Cap Value
SMHI,US Small Cap Value
SPNE,US Small Cap Value
EYES,US Small Cap Value
SNFCA,US Small Cap Value
SEEL,US Small Cap Value
SLS,US Small Cap Value
LEDS,US Small Cap Value
SNCA,US Small Cap Value
SENEA,US Small Cap Value
SNES,US Small Cap Value
SQBG,US Small Cap Value
SRG,US Small Cap Value
SVC,US Small Cap Value
SVT,US Small Cap Value
SESN,US Small Cap Value
SVBI,US Small Cap Value
SHLO,US Small Cap Value
TYHT,US Small Cap Value
SHBI,US Small Cap Value
SRRA,US Small Cap Value
SIF,US Small Cap Value
SIGA,US Small Cap Value
SGLB,US Small Cap Value
SGMA,US Small Cap Value
SLGN,US Small Cap Value
SAMG,US Small Cap Value
SBGI,US Small Cap Value
SINO,US Small Cap Value
SINT,US Small Cap Value
SITC,US Small Cap Value
SIX,US Small Cap Value
TSLX,US Small Cap Value
SKYW,US Small Cap Value
SLG,US Small Cap Value
SM,US Small Cap Value
SLRC,US Small Cap Value
SUNS,US Small Cap Value
SLNO,US Small Cap Value
XPL,US Small Cap Value
SNOA,US Small Cap Value
SRNE,US Small Cap Value
SOHO,US Small Cap Value
SFBC,US Small Cap Value
SWX,US Small Cap Value
SWN,US Small Cap Value
SGRP,US Small Cap Value
SPTN,US Small Cap Value
SPB,US Small Cap Value
SPPI,US Small Cap Value
SR,US Small Cap Value
SPR,US Small Cap Value
SPOK,US Small Cap Value
SRLP,US Small Cap Value
SBPH,US Small Cap Value
STAF,US Small Cap Value
STND,US Small Cap Value
STFC,US Small Cap Value
STCN,US Small Cap Value
SPLP,US Small Cap Value
SMRT,US Small Cap Value
SCM,US Small Cap Value
STXS,US Small Cap Value
STC,US Small Cap Value
SF,US Small Cap Value
STON,US Small Cap Value
SSKN,US Small Cap Value
STRT,US Small Cap Value
RGR,US Small Cap Value
SUMR,US Small Cap Value
INN,US Small Cap Value
SMLP,US Small Cap Value
SSBI,US Small Cap Value
SXC,US Small Cap Value
SNSS,US Small Cap Value
SSY,US Small Cap Value
SPWR,US Small Cap Value
SHO,US Small Cap Value
SUNW,US Small Cap Value
SPN,US Small Cap Value
SUP,US Small Cap Value
SPRT,US Small Cap Value
SYNC,US Small Cap Value
SYNL,US Small Cap Value
SNCR,US Small Cap Value
SYBX,US Small Cap Value
SNV,US Small Cap Value
SYPR,US Small Cap Value
TLRD,US Small Cap Value
TAIT,US Small Cap Value
TKAT,US Small Cap Value
TLF,US Small Cap Value
TPR,US Small Cap Value
TCP,US Small Cap Value
CGBD,US Small Cap Value
TISI,US Small Cap Value
TGNA,US Small Cap Value
TDS,US Small Cap Value
TENX,US Small Cap Value
THC,US Small Cap Value
TGC,US Small Cap Value
TEN,US Small Cap Value
TDC,US Small Cap Value
TEX,US Small Cap Value
TESS,US Small Cap Value
TTI,US Small Cap Value
TTPH,US Small Cap Value
BPRN,US Small Cap Value
CATO,US Small Cap Value
CC,US Small Cap Value
TCS,US Small Cap Value
DXYN,US Small Cap Value
SSP,US Small Cap Value
GEO,US Small Cap Value
THG,US Small Cap Value
SCX,US Small Cap Value
MIK,US Small Cap Value
NWHM,US Small Cap Value
ODP,US Small Cap Value
PECK,US Small Cap Value
TKR,US Small Cap Value
THMO,US Small Cap Value
TCRD,US Small Cap Value
TDW,US Small Cap Value
TLYS,US Small Cap Value
TMST,US Small Cap Value
TIPT,US Small Cap Value
TWI,US Small Cap Value
TTNP,US Small Cap Value
TNXP,US Small Cap Value
CLUB,US Small Cap Value
TSQ,US Small Cap Value
TRTX,US Small Cap Value
TCON,US Small Cap Value
TWMC,US Small Cap Value
TACT,US Small Cap Value
TRXC,US Small Cap Value
TA,US Small Cap Value
TG,US Small Cap Value
THS,US Small Cap Value
TPCO,US Small Cap Value
TRS,US Small Cap Value
TRT,US Small Cap Value
TPVG,US Small Cap Value
TGI,US Small Cap Value
TRST,US Small Cap Value
TRMK,US Small Cap Value
TSRI,US Small Cap Value
TUP,US Small Cap Value
TPC,US Small Cap Value
TWIN,US Small Cap Value
TWO,US Small Cap Value
PRTS,US Small Cap Value
USAU,US Small Cap Value
USWS,US Small Cap Value
UMH,US Small Cap Value
UMPQ,US Small Cap Value
UNAM,US Small Cap Value
UNB,US Small Cap Value
UFAB,US Small Cap Value
UBOH,US Small Cap Value
UBSI,US Small Cap Value
UFCS,US Small Cap Value
UIHC,US Small Cap Value
UNFI,US Small Cap Value
USM,US Small Cap Value
X,US Small Cap Value
UG,US Small Cap Value
UNIT,US Small Cap Value
UVV,US Small Cap Value
UVE,US Small Cap Value
UUU,US Small Cap Value
USAP,US Small Cap Value
UVSP,US Small Cap Value
UNM,US Small Cap Value
URBN,US Small Cap Value
UBP,US Small Cap Value
USEG,US Small Cap Value
GROW,US Small Cap Value
SLCA,US Small Cap Value
USNA,US Small Cap Value
USDP,US Small Cap Value
VHI,US Small Cap Value
VLY,US Small Cap Value
VVV,US Small Cap Value
VECO,US Small Cap Value
VERO,US Small Cap Value
VERS,US Small Cap Value
VRS,US Small Cap Value
VVI,US Small Cap Value
VBFC,US Small Cap Value
VLGEA,US Small Cap Value
VNCE,US Small Cap Value
VNOM,US Small Cap Value
VIRC,US Small Cap Value
VISL,US Small Cap Value
VSTO,US Small Cap Value
VIVE,US Small Cap Value
VVUSQ,US Small Cap Value
VOC,US Small Cap Value
VOLT,US Small Cap Value
VOXX,US Small Cap Value
WTI,US Small Cap Value
WNC,US Small Cap Value
WDR,US Small Cap Value
HCC,US Small Cap Value
WPG,US Small Cap Value
WRE,US Small Cap Value
WASH,US Small Cap Value
WSBF,US Small Cap Value
WSTG,US Small Cap Value
WBS,US Small Cap Value
WRI,US Small Cap Value
WMK,US Small Cap Value
WERN,US Small Cap Value
WSBC,US Small Cap Value
WCC,US Small Cap Value
WTBA,US Small Cap Value
WSTL,US Small Cap Value
WMC,US Small Cap Value
WLKP,US Small Cap Value
WWR,US Small Cap Value
WHG,US Small Cap Value
WEYS,US Small Cap Value
WHLR,US Small Cap Value
WHF,US Small Cap Value
WSR,US Small Cap Value
WLL,US Small Cap Value
WOW,US Small Cap Value
WINT,US Small Cap Value
WTFC,US Small Cap Value
WTT,US Small Cap Value
WETF,US Small Cap Value
WRLD,US Small Cap Value
INT,US Small Cap Value
WOR,US Small Cap Value
WVFC,US Small Cap Value
WYND,US Small Cap Value
XFOR,US Small Cap Value
XELB,US Small Cap Value
XBIO,US Small Cap Value
XHR,US Small Cap Value
XRX,US Small Cap Value
XPER,US Small Cap Value
XTNT,US Small Cap Value
YTEN,US Small Cap Value
YGYI,US Small Cap Value
CTIB,US Small Cap Value
ZAGG,US Small Cap Value
ZDGE,US Small Cap Value
ZN,US Small Cap Value
ZIOP,US Small Cap Value
ZSAN,US Small Cap Value
ZYNE,US Small Cap Value
SRCE,US Small Cap Core
ATEN,US Small Cap Core
AIR,US Small Cap Core
AAN,US Small Cap Core
ABM,US Small Cap Core
AXAS,US Small Cap Core
ACTG,US Small Cap Core
AKR,US Small Cap Core
ACEL,US Small Cap Core
ACRX,US Small Cap Core
ACRS,US Small Cap Core
ACU,US Small Cap Core
ACNB,US Small Cap Core
AYI,US Small Cap Core
GOLF,US Small Cap Core
ADMA,US Small Cap Core
AEIS,US Small Cap Core
ADXS,US Small Cap Core
ADVM,US Small Cap Core
AEGN,US Small Cap Core
AEHR,US Small Cap Core
AMTX,US Small Cap Core
AERI,US Small Cap Core
AJRD,US Small Cap Core
AEMD,US Small Cap Core
UAVS,US Small Cap Core
ADC,US Small Cap Core
AIM,US Small Cap Core
AIMT,US Small Cap Core
AL,US Small Cap Core
ATSG,US Small Cap Core
ALBO,US Small Cap Core
ALEX,US Small Cap Core
ALCO,US Small Cap Core
ALIM,US Small Cap Core
ATI,US Small Cap Core
ABTX,US Small Cap Core
ALGT,US Small Cap Core
ALPN,US Small Cap Core
ALTA,US Small Cap Core
ALT,US Small Cap Core
AIMC,US Small Cap Core
AAT,US Small Cap Core
APEI,US Small Cap Core
ARL,US Small Cap Core
AREC,US Small Cap Core
AMRB,US Small Cap Core
AMSWA,US Small Cap Core
AWR,US Small Cap Core
AVD,US Small Cap Core
AMWD,US Small Cap Core
CRMT,US Small Cap Core
ABCB,US Small Cap Core
AMKR,US Small Cap Core
AMPE,US Small Cap Core
ANAB,US Small Cap Core
AVXL,US Small Cap Core
ANGO,US Small Cap Core
ANIP,US Small Cap Core
ANIX,US Small Cap Core
ATEX,US Small Cap Core
AM,US Small Cap Core
AR,US Small Cap Core
APEN,US Small Cap Core
AINV,US Small Cap Core
AIT,US Small Cap Core
AQMS,US Small Cap Core
ARAV,US Small Cap Core
ABR,US Small Cap Core
ARCB,US Small Cap Core
ACA,US Small Cap Core
ARCT,US Small Cap Core
ARDX,US Small Cap Core
ACRE,US Small Cap Core
AGX,US Small Cap Core
AHH,US Small Cap Core
AROW,US Small Cap Core
ABG,US Small Cap Core
ASGN,US Small Cap Core
AINC,US Small Cap Core
ASPN,US Small Cap Core
AWH,US Small Cap Core
ATRO,US Small Cap Core
ALOT,US Small Cap Core
ASTC,US Small Cap Core
ATHX,US Small Cap Core
ATKR,US Small Cap Core
ACBI,US Small Cap Core
AUB,US Small Cap Core
ATNI,US Small Cap Core
ATOM,US Small Cap Core
LIFE,US Small Cap Core
CAR,US Small Cap Core
AX,US Small Cap Core
AZRX,US Small Cap Core
AZZ,US Small Cap Core
RILY,US Small Cap Core
BANC,US Small Cap Core
BANF,US Small Cap Core
BCTF,US Small Cap Core
BXS,US Small Cap Core
BOH,US Small Cap Core
BMRC,US Small Cap Core
BKSC,US Small Cap Core
OZK,US Small Cap Core
BFIN,US Small Cap Core
BANR,US Small Cap Core
BNED,US Small Cap Core
B,US Small Cap Core
BBSI,US Small Cap Core
BCML,US Small Cap Core
BBQ,US Small Cap Core
BLPH,US Small Cap Core
BRBR,US Small Cap Core
BHE,US Small Cap Core
BFYT,US Small Cap Core
BGSF,US Small Cap Core
BASI,US Small Cap Core
BIOC,US Small Cap Core
BHTG,US Small Cap Core
BMRA,US Small Cap Core
BKTI,US Small Cap Core
BLKB,US Small Cap Core
BLNK,US Small Cap Core
BLMN,US Small Cap Core
BCOR,US Small Cap Core
BLBD,US Small Cap Core
BXG,US Small Cap Core
BKEP,US Small Cap Core
BXC,US Small Cap Core
BMCH,US Small Cap Core
BCC,US Small Cap Core
BOXL,US Small Cap Core
BPMP,US Small Cap Core
BRC,US Small Cap Core
BDGE,US Small Cap Core
BHF,US Small Cap Core
BPYU,US Small Cap Core
BRKL,US Small Cap Core
BMTC,US Small Cap Core
BFST,US Small Cap Core
BY,US Small Cap Core
CDZI,US Small Cap Core
CAI,US Small Cap Core
CALX,US Small Cap Core
CEI,US Small Cap Core
CATC,US Small Cap Core
CBNK,US Small Cap Core
CCBG,US Small Cap Core
CPTA,US Small Cap Core
CSTR,US Small Cap Core
CRDF,US Small Cap Core
CRS,US Small Cap Core
TAST,US Small Cap Core
CARE,US Small Cap Core
CRI,US Small Cap Core
CARV,US Small Cap Core
CWST,US Small Cap Core
CASS,US Small Cap Core
CSLT,US Small Cap Core
CATY,US Small Cap Core
CBFV,US Small Cap Core
CECE,US Small Cap Core
CBMG,US Small Cap Core
CLSN,US Small Cap Core
CFBK,US Small Cap Core
CENT,US Small Cap Core
CNBKA,US Small Cap Core
CNTY,US Small Cap Core
CCS,US Small Cap Core
CCF,US Small Cap Core
CPK,US Small Cap Core
CHMA,US Small Cap Core
PLCE,US Small Cap Core
CXDC,US Small Cap Core
CNNB,US Small Cap Core
CIDM,US Small Cap Core
CIR,US Small Cap Core
CRUS,US Small Cap Core
CKX,US Small Cap Core
CLNE,US Small Cap Core
CLIR,US Small Cap Core
CBLI,US Small Cap Core
CCNE,US Small Cap Core
COKE,US Small Cap Core
CWBR,US Small Cap Core
CNS,US Small Cap Core
COHR,US Small Cap Core
CHRS,US Small Cap Core
COLL,US Small Cap Core
COLB,US Small Cap Core
CXP,US Small Cap Core
CBU,US Small Cap Core
ESXB,US Small Cap Core
CFBI,US Small Cap Core
CTBI,US Small Cap Core
CVLT,US Small Cap Core
CODI,US Small Cap Core
CMP,US Small Cap Core
CTG,US Small Cap Core
LODE,US Small Cap Core
CMTL,US Small Cap Core
CNMD,US Small Cap Core
CONN,US Small Cap Core
ROAD,US Small Cap Core
CFRX,US Small Cap Core
CTB,US Small Cap Core
CORE,US Small Cap Core
CRMD,US Small Cap Core
CNR,US Small Cap Core
OFC,US Small Cap Core
CVLG,US Small Cap Core
CPSH,US Small Cap Core
CRAI,US Small Cap Core
BREW,US Small Cap Core
CREX,US Small Cap Core
CROX,US Small Cap Core
CCRN,US Small Cap Core
CRY,US Small Cap Core
CSGS,US Small Cap Core
CCLP,US Small Cap Core
CTO,US Small Cap Core
CMLS,US Small Cap Core
CURO,US Small Cap Core
CW,US Small Cap Core
CVBF,US Small Cap Core
CTEK,US Small Cap Core
CYTK,US Small Cap Core
CTSO,US Small Cap Core
DARE,US Small Cap Core
DSKE,US Small Cap Core
DXR,US Small Cap Core
TACO,US Small Cap Core
DMPI,US Small Cap Core
DLA,US Small Cap Core
DMTK,US Small Cap Core
DHIL,US Small Cap Core
DKS,US Small Cap Core
DBD,US Small Cap Core
DLHC,US Small Cap Core
DMLP,US Small Cap Core
DORM,US Small Cap Core
DCO,US Small Cap Core
DLTH,US Small Cap Core
DRRX,US Small Cap Core
DY,US Small Cap Core
ELF,US Small Cap Core
EBMT,US Small Cap Core
ESTE,US Small Cap Core
ETBI,US Small Cap Core
EAST,US Small Cap Core
ECHO,US Small Cap Core
EDIT,US Small Cap Core
EDUC,US Small Cap Core
EE,US Small Cap Core
LOCO,US Small Cap Core
EFC,US Small Cap Core
EME,US Small Cap Core
ESBA,US Small Cap Core
EIG,US Small Cap Core
ECPG,US Small Cap Core
WIRE,US Small Cap Core
WATT,US Small Cap Core
ENS,US Small Cap Core
ENVA,US Small Cap Core
EBTC,US Small Cap Core
EFSC,US Small Cap Core
PLUS,US Small Cap Core
ETRN,US Small Cap Core
EQBK,US Small Cap Core
ESCA,US Small Cap Core
ESPR,US Small Cap Core
EVBN,US Small Cap Core
EVOK,US Small Cap Core
EVH,US Small Cap Core
EXTR,US Small Cap Core
EYPT,US Small Cap Core
FMAO,US Small Cap Core
FMNB,US Small Cap Core
FPI,US Small Cap Core
FBK,US Small Cap Core
FHI,US Small Cap Core
FFBW,US Small Cap Core
FDBC,US Small Cap Core
FBMS,US Small Cap Core
FCBP,US Small Cap Core
FCCO,US Small Cap Core
FFWM,US Small Cap Core
FRME,US Small Cap Core
FMBH,US Small Cap Core
FMBI,US Small Cap Core
FNWB,US Small Cap Core
FSFG,US Small Cap Core
FCFS,US Small Cap Core
FPH,US Small Cap Core
FBC,US Small Cap Core
FPAY,US Small Cap Core
FLNT,US Small Cap Core
FLDM,US Small Cap Core
FNCB,US Small Cap Core
FONR,US Small Cap Core
FL,US Small Cap Core
FORD,US Small Cap Core
FCPT,US Small Cap Core
FRG,US Small Cap Core
FEIM,US Small Cap Core
RESI,US Small Cap Core
FRPH,US Small Cap Core
FSBW,US Small Cap Core
FVCB,US Small Cap Core
GATX,US Small Cap Core
GCP,US Small Cap Core
GENC,US Small Cap Core
GFN,US Small Cap Core
GNE,US Small Cap Core
GNCA,US Small Cap Core
GEOS,US Small Cap Core
GERN,US Small Cap Core
GTY,US Small Cap Core
GBCI,US Small Cap Core
GNL,US Small Cap Core
GSB,US Small Cap Core
GSAT,US Small Cap Core
GLYC,US Small Cap Core
GOGO,US Small Cap Core
GORO,US Small Cap Core
GDEN,US Small Cap Core
AUMN,US Small Cap Core
GPRO,US Small Cap Core
EAF,US Small Cap Core
GPK,US Small Cap Core
GTN.A,US Small Cap Core
GEC,US Small Cap Core
GSBC,US Small Cap Core
GRBK,US Small Cap Core
GCBC,US Small Cap Core
GFF,US Small Cap Core
GSIT,US Small Cap Core
GTT,US Small Cap Core
GNTY,US Small Cap Core
GFED,US Small Cap Core
GPOR,US Small Cap Core
GWGH,US Small Cap Core
FUL,US Small Cap Core
HWC,US Small Cap Core
HBI,US Small Cap Core
HASI,US Small Cap Core
HLIT,US Small Cap Core
HSC,US Small Cap Core
HWKN,US Small Cap Core
HWBK,US Small Cap Core
HAYN,US Small Cap Core
HCHC,US Small Cap Core
HCI,US Small Cap Core
HCSG,US Small Cap Core
HTLD,US Small Cap Core
HSII,US Small Cap Core
HRI,US Small Cap Core
HFWA,US Small Cap Core
MLHR,US Small Cap Core
HXL,US Small Cap Core
HIBB,US Small Cap Core
HIFS,US Small Cap Core
HMG,US Small Cap Core
HNI,US Small Cap Core
HBCP,US Small Cap Core
HOMB,US Small Cap Core
HMST,US Small Cap Core
HTBI,US Small Cap Core
HMN,US Small Cap Core
TWNK,US Small Cap Core
HBMD,US Small Cap Core
HUBG,US Small Cap Core
HSON,US Small Cap Core
HPP,US Small Cap Core
HDSN,US Small Cap Core
HURN,US Small Cap Core
HVBC,US Small Cap Core
HY,US Small Cap Core
ICFI,US Small Cap Core
IPWR,US Small Cap Core
INVE,US Small Cap Core
IESC,US Small Cap Core
IROQ,US Small Cap Core
ISNS,US Small Cap Core
IMGN,US Small Cap Core
ICD,US Small Cap Core
IHC,US Small Cap Core
INDB,US Small Cap Core
IBCP,US Small Cap Core
IBTX,US Small Cap Core
INFI,US Small Cap Core
III,US Small Cap Core
INWK,US Small Cap Core
ISSC,US Small Cap Core
INVA,US Small Cap Core
NSIT,US Small Cap Core
INSM,US Small Cap Core
NSP,US Small Cap Core
IIIN,US Small Cap Core
IDCC,US Small Cap Core
IBOC,US Small Cap Core
XENT,US Small Cap Core
INTT,US Small Cap Core
INUV,US Small Cap Core
ISTR,US Small Cap Core
ISDR,US Small Cap Core
IZEA,US Small Cap Core
MAYS,US Small Cap Core
JCOM,US Small Cap Core
JACK,US Small Cap Core
JELD,US Small Cap Core
JRSH,US Small Cap Core
JCAP,US Small Cap Core
JBLU,US Small Cap Core
JBSS,US Small Cap Core
JBT,US Small Cap Core
LRN,US Small Cap Core
KAI,US Small Cap Core
KDMN,US Small Cap Core
KALU,US Small Cap Core
KAMN,US Small Cap Core
KBR,US Small Cap Core
KBRS,US Small Cap Core
KRNY,US Small Cap Core
KELYA,US Small Cap Core
KMT,US Small Cap Core
KW,US Small Cap Core
KFRC,US Small Cap Core
KE,US Small Cap Core
KBAL,US Small Cap Core
KEX,US Small Cap Core
KN,US Small Cap Core
KOPN,US Small Cap Core
KOP,US Small Cap Core
KFY,US Small Cap Core
KTOS,US Small Cap Core
KVHI,US Small Cap Core
LJPC,US Small Cap Core
LSBK,US Small Cap Core
LAKE,US Small Cap Core
LNDC,US Small Cap Core
LARK,US Small Cap Core
LE,US Small Cap Core
LNTH,US Small Cap Core
LTRX,US Small Cap Core
LAWS,US Small Cap Core
LZB,US Small Cap Core
LAZY,US Small Cap Core
LEAF,US Small Cap Core
LPTX,US Small Cap Core
LEGH,US Small Cap Core
LXP,US Small Cap Core
LGIH,US Small Cap Core
LGL,US Small Cap Core
LWAY,US Small Cap Core
LMB,US Small Cap Core
LMST,US Small Cap Core
LMNR,US Small Cap Core
LNN,US Small Cap Core
LPCN,US Small Cap Core
LAD,US Small Cap Core
LIVE,US Small Cap Core
LMFA,US Small Cap Core
LONE,US Small Cap Core
LPX,US Small Cap Core
LYTS,US Small Cap Core
LMNX,US Small Cap Core
LBC,US Small Cap Core
MHO,US Small Cap Core
MCBC,US Small Cap Core
MGNX,US Small Cap Core
MSGS,US Small Cap Core
MGYR,US Small Cap Core
MNSB,US Small Cap Core
MLVF,US Small Cap Core
MNTX,US Small Cap Core
MN,US Small Cap Core
MANT,US Small Cap Core
MCHX,US Small Cap Core
MMI,US Small Cap Core
HZO,US Small Cap Core
MRNS,US Small Cap Core
VAC,US Small Cap Core
MTZ,US Small Cap Core
MCFT,US Small Cap Core
MTRX,US Small Cap Core
MATX,US Small Cap Core
MAT,US Small Cap Core
MLP,US Small Cap Core
MUX,US Small Cap Core
MFIN,US Small Cap Core
MBWM,US Small Cap Core
MERC,US Small Cap Core
MBIN,US Small Cap Core
MCY,US Small Cap Core
EBSB,US Small Cap Core
VIVO,US Small Cap Core
MTH,US Small Cap Core
MESA,US Small Cap Core
CASH,US Small Cap Core
MEI,US Small Cap Core
MCBS,US Small Cap Core
MCB,US Small Cap Core
MXC,US Small Cap Core
MGEE,US Small Cap Core
MTG,US Small Cap Core
MGPI,US Small Cap Core
MBOT,US Small Cap Core
MSTR,US Small Cap Core
MVIS,US Small Cap Core
MICT,US Small Cap Core
MBCN,US Small Cap Core
MSEX,US Small Cap Core
MLSS,US Small Cap Core
MLR,US Small Cap Core
MMAC,US Small Cap Core
MOBL,US Small Cap Core
MOD,US Small Cap Core
MNTA,US Small Cap Core
MCRI,US Small Cap Core
MNR,US Small Cap Core
MOG.A,US Small Cap Core
MPAA,US Small Cap Core
COOP,US Small Cap Core
MTBC,US Small Cap Core
MLI,US Small Cap Core
MUSA,US Small Cap Core
MYE,US Small Cap Core
MYRG,US Small Cap Core
NMGX,US Small Cap Core
NH,US Small Cap Core
NK,US Small Cap Core
NTRA,US Small Cap Core
NBHC,US Small Cap Core
NKSH,US Small Cap Core
NGHC,US Small Cap Core
NHLD,US Small Cap Core
NSA,US Small Cap Core
NGVC,US Small Cap Core
NATR,US Small Cap Core
NTUS,US Small Cap Core
NLS,US Small Cap Core
NAVB,US Small Cap Core
NBTB,US Small Cap Core
NP,US Small Cap Core
NMRD,US Small Cap Core
NEON,US Small Cap Core
NPTN,US Small Cap Core
NBSE,US Small Cap Core
GBR,US Small Cap Core
NXST,US Small Cap Core
NEP,US Small Cap Core
NGL,US Small Cap Core
NODK,US Small Cap Core
EGOV,US Small Cap Core
NCBS,US Small Cap Core
NBN,US Small Cap Core
NWPX,US Small Cap Core
NVEE,US Small Cap Core
OVLY,US Small Cap Core
OCSL,US Small Cap Core
OAS,US Small Cap Core
OII,US Small Cap Core
OCFC,US Small Cap Core
OFED,US Small Cap Core
OCUL,US Small Cap Core
ODC,US Small Cap Core
OSBC,US Small Cap Core
ONDK,US Small Cap Core
OMF,US Small Cap Core
OPBK,US Small Cap Core
OGEN,US Small Cap Core
OSUR,US Small Cap Core
ORBC,US Small Cap Core
ORGO,US Small Cap Core
ONVO,US Small Cap Core
OTTW,US Small Cap Core
OVID,US Small Cap Core
PTSI,US Small Cap Core
PACB,US Small Cap Core
ROYT,US Small Cap Core
PMBC,US Small Cap Core
PPBI,US Small Cap Core
PARR,US Small Cap Core
PAR,US Small Cap Core
PRLX,US Small Cap Core
PGRE,US Small Cap Core
TEUM,US Small Cap Core
PKBK,US Small Cap Core
CNXN,US Small Cap Core
PCB,US Small Cap Core
PDCE,US Small Cap Core
PGC,US Small Cap Core
PMT,US Small Cap Core
PEBO,US Small Cap Core
PFIS,US Small Cap Core
PRDO,US Small Cap Core
PESI,US Small Cap Core
PETS,US Small Cap Core
PFNX,US Small Cap Core
PFSW,US Small Cap Core
PAHC,US Small Cap Core
PLAB,US Small Cap Core
DOC,US Small Cap Core
PDM,US Small Cap Core
PNFP,US Small Cap Core
PJT,US Small Cap Core
PLBC,US Small Cap Core
PSTI,US Small Cap Core
PLXP,US Small Cap Core
PLYM,US Small Cap Core
PTE,US Small Cap Core
PCH,US Small Cap Core
POWI,US Small Cap Core
PWFL,US Small Cap Core
PQG,US Small Cap Core
HLTY,US Small Cap Core
POAI,US Small Cap Core
PFBC,US Small Cap Core
PFC,US Small Cap Core
PSMT,US Small Cap Core
PNRG,US Small Cap Core
PRIM,US Small Cap Core
PFIE,US Small Cap Core
PUMP,US Small Cap Core
PROS,US Small Cap Core
PTGX,US Small Cap Core
PTI,US Small Cap Core
PVBC,US Small Cap Core
PSB,US Small Cap Core
PULM,US Small Cap Core
PBYI,US Small Cap Core
PCYO,US Small Cap Core
QCRH,US Small Cap Core
NX,US Small Cap Core
QUIK,US Small Cap Core
QUMU,US Small Cap Core
RDN,US Small Cap Core
RLGT,US Small Cap Core
RAND,US Small Cap Core
RNDB,US Small Cap Core
RNGR,US Small Cap Core
RTLR,US Small Cap Core
RBB,US Small Cap Core
RICK,US Small Cap Core
RMAX,US Small Cap Core
RNWK,US Small Cap Core
RLH,US Small Cap Core
RRR,US Small Cap Core
REED,US Small Cap Core
RBC,US Small Cap Core
RGLS,US Small Cap Core
RLMD,US Small Cap Core
RNST,US Small Cap Core
RCII,US Small Cap Core
RBCAA,US Small Cap Core
RSSS,US Small Cap Core
RGP,US Small Cap Core
RVP,US Small Cap Core
RTRX,US Small Cap Core
RVNC,US Small Cap Core
REX,US Small Cap Core
RGCO,US Small Cap Core
RIGL,US Small Cap Core
RMNI,US Small Cap Core
REI,US Small Cap Core
RCKT,US Small Cap Core
RMTI,US Small Cap Core
SFE,US Small Cap Core
SAL,US Small Cap Core
SANM,US Small Cap Core
BFS,US Small Cap Core
SBBX,US Small Cap Core
SCHN,US Small Cap Core
WORX,US Small Cap Core
SCYX,US Small Cap Core
CKH,US Small Cap Core
SEAS,US Small Cap Core
SLCT,US Small Cap Core
WTTR,US Small Cap Core
SEM,US Small Cap Core
SIGI,US Small Cap Core
SXT,US Small Cap Core
SREV,US Small Cap Core
SGBX,US Small Cap Core
SCVL,US Small Cap Core
SSTK,US Small Cap Core
BSRR,US Small Cap Core
SBOW,US Small Cap Core
SSNT,US Small Cap Core
SFNC,US Small Cap Core
SJW,US Small Cap Core
SLM,US Small Cap Core
SND,US Small Cap Core
SMBK,US Small Cap Core
SWBI,US Small Cap Core
SMSI,US Small Cap Core
SCKT,US Small Cap Core
SOI,US Small Cap Core
SNGX,US Small Cap Core
SAH,US Small Cap Core
SJI,US Small Cap Core
SSB,US Small Cap Core
SFST,US Small Cap Core
SMBC,US Small Cap Core
SONA,US Small Cap Core
SBSI,US Small Cap Core
SP,US Small Cap Core
SAVE,US Small Cap Core
SRC,US Small Cap Core
SFM,US Small Cap Core
SPXC,US Small Cap Core
FLOW,US Small Cap Core
SRAX,US Small Cap Core
SMP,US Small Cap Core
SXI,US Small Cap Core
SGU,US Small Cap Core
SRT,US Small Cap Core
SCS,US Small Cap Core
SCL,US Small Cap Core
STL,US Small Cap Core
SBT,US Small Cap Core
STRL,US Small Cap Core
SHOO,US Small Cap Core
SYBT,US Small Cap Core
SRI,US Small Cap Core
SNEX,US Small Cap Core
STRS,US Small Cap Core
STRM,US Small Cap Core
SPH,US Small Cap Core
SMMF,US Small Cap Core
SUN,US Small Cap Core
SMCI,US Small Cap Core
SCON,US Small Cap Core
SDPI,US Small Cap Core
SGC,US Small Cap Core
SRGA,US Small Cap Core
SGRY,US Small Cap Core
SWKH,US Small Cap Core
SYKE,US Small Cap Core
SYNA,US Small Cap Core
SNDX,US Small Cap Core
SYX,US Small Cap Core
TTOO,US Small Cap Core
SKT,US Small Cap Core
TAYD,US Small Cap Core
TMHC,US Small Cap Core
TCCO,US Small Cap Core
TRC,US Small Cap Core
TLGT,US Small Cap Core
TELL,US Small Cap Core
TBNK,US Small Cap Core
TCBI,US Small Cap Core
TGTX,US Small Cap Core
TBBK,US Small Cap Core
CHEF,US Small Cap Core
TCFC,US Small Cap Core
EML,US Small Cap Core
XONE,US Small Cap Core
GV,US Small Cap Core
HCKT,US Small Cap Core
HHC,US Small Cap Core
INTG,US Small Cap Core
PRSC,US Small Cap Core
RMR,US Small Cap Core
SMPL,US Small Cap Core
JOE,US Small Cap Core
YORW,US Small Cap Core
THR,US Small Cap Core
TSBK,US Small Cap Core
TITN,US Small Cap Core
TMP,US Small Cap Core
TR,US Small Cap Core
TOWN,US Small Cap Core
TCI,US Small Cap Core
TZOO,US Small Cap Core
TREC,US Small Cap Core
TRVN,US Small Cap Core
TPH,US Small Cap Core
TCBK,US Small Cap Core
TRN,US Small Cap Core
TPHS,US Small Cap Core
TRIP,US Small Cap Core
TSC,US Small Cap Core
TBI,US Small Cap Core
TRUE,US Small Cap Core
TTMI,US Small Cap Core
TPB,US Small Cap Core
UCTT,US Small Cap Core
ULBI,US Small Cap Core
UMBF,US Small Cap Core
UFI,US Small Cap Core
UIS,US Small Cap Core
UBCP,US Small Cap Core
UCBI,US Small Cap Core
UBFO,US Small Cap Core
UAMY,US Small Cap Core
USLM,US Small Cap Core
UTL,US Small Cap Core
UNTY,US Small Cap Core
UNVR,US Small Cap Core
UEIC,US Small Cap Core
UHT,US Small Cap Core
ULH,US Small Cap Core
UTI,US Small Cap Core
UEC,US Small Cap Core
UONE,US Small Cap Core
USAC,US Small Cap Core
USAK,US Small Cap Core
USIO,US Small Cap Core
UTMD,US Small Cap Core
EGY,US Small Cap Core
VMI,US Small Cap Core
VALU,US Small Cap Core
VAPO,US Small Cap Core
VREX,US Small Cap Core
VXRT,US Small Cap Core
VGR,US Small Cap Core
VEC,US Small Cap Core
VEL,US Small Cap Core
VRA,US Small Cap Core
VSTM,US Small Cap Core
VRNT,US Small Cap Core
VBTX,US Small Cap Core
VRTV,US Small Cap Core
VTNR,US Small Cap Core
VCTR,US Small Cap Core
VHC,US Small Cap Core
VTSI,US Small Cap Core
VRTS,US Small Cap Core
VRTU,US Small Cap Core
VSH,US Small Cap Core
VNRX,US Small Cap Core
VG,US Small Cap Core
VSEC,US Small Cap Core
WD,US Small Cap Core
WAFD,US Small Cap Core
WTS,US Small Cap Core
WDFC,US Small Cap Core
WBT,US Small Cap Core
WABC,US Small Cap Core
WAL,US Small Cap Core
WNEB,US Small Cap Core
FREE,US Small Cap Core
WHLM,US Small Cap Core
WVVI,US Small Cap Core
WLFC,US Small Cap Core
WWW,US Small Cap Core
WSFS,US Small Cap Core
WW,US Small Cap Core
XSPA,US Small Cap Core
YRCW,US Small Cap Core
ZIXI,US Small Cap Core
ZVO,US Small Cap Core
